image_id,dataset,model,method,metric,value,time_ms
000246,voc2007,resnet50,ma_gig,attribution_wall_sec,4.008255839999947,
000246,voc2007,resnet50,ma_gig,insertion_auc,0.343120038172871,
000246,voc2007,resnet50,ma_gig,deletion_auc,0.01881087605601568,
000246,voc2007,resnet50,ma_gig,stability_cosine,0.005601295949308844,
001444,voc2007,resnet50,ma_gig,attribution_wall_sec,3.870501430999866,
001444,voc2007,resnet50,ma_gig,insertion_auc,0.005984806550223466,
001444,voc2007,resnet50,ma_gig,deletion_auc,0.0032381851594028115,
001444,voc2007,resnet50,ma_gig,stability_cosine,0.0027556651184541987,
001501,voc2007,resnet50,ma_gig,attribution_wall_sec,3.885053369000161,
001501,voc2007,resnet50,ma_gig,insertion_auc,0.02238237001239584,
001501,voc2007,resnet50,ma_gig,deletion_auc,0.009445297311921716,
001501,voc2007,resnet50,ma_gig,stability_cosine,0.006598011513517176,
002249,voc2007,resnet50,ma_gig,attribution_wall_sec,3.881331520000458,
002249,voc2007,resnet50,ma_gig,insertion_auc,0.007499695861226336,
002249,voc2007,resnet50,ma_gig,deletion_auc,0.0058219375967928635,
002249,voc2007,resnet50,ma_gig,stability_cosine,-0.002214611887139008,
002836,voc2007,resnet50,ma_gig,attribution_wall_sec,3.8838068049999492,
002836,voc2007,resnet50,ma_gig,insertion_auc,0.04620415169779169,
002836,voc2007,resnet50,ma_gig,deletion_auc,0.012504464329223452,
002836,voc2007,resnet50,ma_gig,stability_cosine,-0.009586468201727143,
004113,voc2007,resnet50,ma_gig,attribution_wall_sec,3.900642143999903,
004113,voc2007,resnet50,ma_gig,insertion_auc,0.26347912593726336,
004113,voc2007,resnet50,ma_gig,deletion_auc,0.013896842760191735,
004113,voc2007,resnet50,ma_gig,stability_cosine,0.007082687055006103,
004386,voc2007,resnet50,ma_gig,attribution_wall_sec,3.891915629000323,
004386,voc2007,resnet50,ma_gig,insertion_auc,0.09112270341675904,
004386,voc2007,resnet50,ma_gig,deletion_auc,0.027079946334143876,
004386,voc2007,resnet50,ma_gig,stability_cosine,0.0018657779132322003,
005283,voc2007,resnet50,ma_gig,attribution_wall_sec,3.902252115999545,
005283,voc2007,resnet50,ma_gig,insertion_auc,0.003949454500102983,
005283,voc2007,resnet50,ma_gig,deletion_auc,0.0043691068538751114,
005283,voc2007,resnet50,ma_gig,stability_cosine,0.011501263743566975,
000246,voc2007,resnet50,fourier_shap,attribution_wall_sec,0.6511740570003894,
000246,voc2007,resnet50,fourier_shap,insertion_auc,0.6218611668193195,
000246,voc2007,resnet50,fourier_shap,deletion_auc,0.028545135563050644,
000246,voc2007,resnet50,fourier_shap,stability_cosine,0.9722226827556435,
001444,voc2007,resnet50,fourier_shap,attribution_wall_sec,0.6150859110002784,
001444,voc2007,resnet50,fourier_shap,insertion_auc,0.07731446446411291,
001444,voc2007,resnet50,fourier_shap,deletion_auc,0.01957188089990377,
001444,voc2007,resnet50,fourier_shap,stability_cosine,0.9783827193075254,
001501,voc2007,resnet50,fourier_shap,attribution_wall_sec,0.6177633560000686,
001501,voc2007,resnet50,fourier_shap,insertion_auc,0.39476007140588365,
001501,voc2007,resnet50,fourier_shap,deletion_auc,0.028843819617541244,
001501,voc2007,resnet50,fourier_shap,stability_cosine,0.9852675538696731,
002249,voc2007,resnet50,fourier_shap,attribution_wall_sec,0.615794568999263,
002249,voc2007,resnet50,fourier_shap,insertion_auc,0.34457182906896217,
002249,voc2007,resnet50,fourier_shap,deletion_auc,0.027706045334440262,
002249,voc2007,resnet50,fourier_shap,stability_cosine,0.8907856428333116,
002836,voc2007,resnet50,fourier_shap,attribution_wall_sec,0.6097293410002749,
002836,voc2007,resnet50,fourier_shap,insertion_auc,0.3326275962303453,
002836,voc2007,resnet50,fourier_shap,deletion_auc,0.026529559461527075,
002836,voc2007,resnet50,fourier_shap,stability_cosine,0.9539530330417825,
004113,voc2007,resnet50,fourier_shap,attribution_wall_sec,0.6097772249995614,
004113,voc2007,resnet50,fourier_shap,insertion_auc,0.2455839257130752,
004113,voc2007,resnet50,fourier_shap,deletion_auc,0.18033972425268002,
004113,voc2007,resnet50,fourier_shap,stability_cosine,0.8832563073168116,
004386,voc2007,resnet50,fourier_shap,attribution_wall_sec,0.611608201999843,
004386,voc2007,resnet50,fourier_shap,insertion_auc,0.610649340935405,
004386,voc2007,resnet50,fourier_shap,deletion_auc,0.16682142692620988,
004386,voc2007,resnet50,fourier_shap,stability_cosine,0.9325263517080822,
005283,voc2007,resnet50,fourier_shap,attribution_wall_sec,0.610634996999579,
005283,voc2007,resnet50,fourier_shap,insertion_auc,0.039183896188898504,
005283,voc2007,resnet50,fourier_shap,deletion_auc,0.007770596460385475,
005283,voc2007,resnet50,fourier_shap,stability_cosine,0.8933930205902276,
000246,voc2007,vgg16,ma_gig,attribution_wall_sec,3.983108448999701,
000246,voc2007,vgg16,ma_gig,insertion_auc,0.03423674172100556,
000246,voc2007,vgg16,ma_gig,deletion_auc,0.02250969384624458,
000246,voc2007,vgg16,ma_gig,stability_cosine,0.015920730788401834,
001444,voc2007,vgg16,ma_gig,attribution_wall_sec,3.9908059079998566,
001444,voc2007,vgg16,ma_gig,insertion_auc,0.002451315622305967,
001444,voc2007,vgg16,ma_gig,deletion_auc,0.002446374908562977,
001444,voc2007,vgg16,ma_gig,stability_cosine,0.020290099431650655,
001501,voc2007,vgg16,ma_gig,attribution_wall_sec,4.0008088880003925,
001501,voc2007,vgg16,ma_gig,insertion_auc,0.014972452637695791,
001501,voc2007,vgg16,ma_gig,deletion_auc,0.014989868162802344,
001501,voc2007,vgg16,ma_gig,stability_cosine,0.0049138584019574605,
002249,voc2007,vgg16,ma_gig,attribution_wall_sec,3.9989458840000225,
002249,voc2007,vgg16,ma_gig,insertion_auc,0.013619187728359803,
002249,voc2007,vgg16,ma_gig,deletion_auc,0.013614189137106946,
002249,voc2007,vgg16,ma_gig,stability_cosine,0.005391431410338878,
002836,voc2007,vgg16,ma_gig,attribution_wall_sec,3.991987592999976,
002836,voc2007,vgg16,ma_gig,insertion_auc,0.019847023378426778,
002836,voc2007,vgg16,ma_gig,deletion_auc,0.021776283776531395,
002836,voc2007,vgg16,ma_gig,stability_cosine,0.0022087063764441375,
004113,voc2007,vgg16,ma_gig,attribution_wall_sec,4.0034153220003645,
004113,voc2007,vgg16,ma_gig,insertion_auc,0.06594010095392991,
004113,voc2007,vgg16,ma_gig,deletion_auc,0.02096385927210975,
004113,voc2007,vgg16,ma_gig,stability_cosine,-0.006585296066894898,
004386,voc2007,vgg16,ma_gig,attribution_wall_sec,3.996815153999705,
004386,voc2007,vgg16,ma_gig,insertion_auc,0.02509989953959095,
004386,voc2007,vgg16,ma_gig,deletion_auc,0.01919912953256334,
004386,voc2007,vgg16,ma_gig,stability_cosine,0.0020623049653297454,
005283,voc2007,vgg16,ma_gig,attribution_wall_sec,3.998701852000522,
005283,voc2007,vgg16,ma_gig,insertion_auc,0.019998444824838174,
005283,voc2007,vgg16,ma_gig,deletion_auc,0.01983537377353256,
005283,voc2007,vgg16,ma_gig,stability_cosine,0.0009681368161908088,
000246,voc2007,vgg16,fourier_shap,attribution_wall_sec,1.017074970000067,
000246,voc2007,vgg16,fourier_shap,insertion_auc,0.8216177018850115,
000246,voc2007,vgg16,fourier_shap,deletion_auc,0.024524698353325575,
000246,voc2007,vgg16,fourier_shap,stability_cosine,0.9588656861314098,
001444,voc2007,vgg16,fourier_shap,attribution_wall_sec,1.0203574489996754,
001444,voc2007,vgg16,fourier_shap,insertion_auc,0.011789445000590548,
001444,voc2007,vgg16,fourier_shap,deletion_auc,0.012731918960062412,
001444,voc2007,vgg16,fourier_shap,stability_cosine,0.9044982414160097,
001501,voc2007,vgg16,fourier_shap,attribution_wall_sec,1.0273304140000619,
001501,voc2007,vgg16,fourier_shap,insertion_auc,0.015814380934778653,
001501,voc2007,vgg16,fourier_shap,deletion_auc,0.014976175847028761,
001501,voc2007,vgg16,fourier_shap,stability_cosine,0.962243804179274,
002249,voc2007,vgg16,fourier_shap,attribution_wall_sec,1.018128951000108,
002249,voc2007,vgg16,fourier_shap,insertion_auc,0.08567405046148391,
002249,voc2007,vgg16,fourier_shap,deletion_auc,0.014928132676110999,
002249,voc2007,vgg16,fourier_shap,stability_cosine,0.9464667640752573,
002836,voc2007,vgg16,fourier_shap,attribution_wall_sec,1.0186785450005118,
002836,voc2007,vgg16,fourier_shap,insertion_auc,0.11202284577034109,
002836,voc2007,vgg16,fourier_shap,deletion_auc,0.026483988019825586,
002836,voc2007,vgg16,fourier_shap,stability_cosine,0.9507340728816815,
004113,voc2007,vgg16,fourier_shap,attribution_wall_sec,1.0190087940000012,
004113,voc2007,vgg16,fourier_shap,insertion_auc,0.7759678611993983,
004113,voc2007,vgg16,fourier_shap,deletion_auc,0.14812293707757665,
004113,voc2007,vgg16,fourier_shap,stability_cosine,0.9929228879544959,
004386,voc2007,vgg16,fourier_shap,attribution_wall_sec,1.0191483600001447,
004386,voc2007,vgg16,fourier_shap,insertion_auc,0.13179758167415329,
004386,voc2007,vgg16,fourier_shap,deletion_auc,0.059371409750863496,
004386,voc2007,vgg16,fourier_shap,stability_cosine,0.9113183876972817,
005283,voc2007,vgg16,fourier_shap,attribution_wall_sec,1.0171001729995623,
005283,voc2007,vgg16,fourier_shap,insertion_auc,0.14339110696697677,
005283,voc2007,vgg16,fourier_shap,deletion_auc,0.040792869799883266,
005283,voc2007,vgg16,fourier_shap,stability_cosine,0.9372049864305372,
000246,voc2007,densenet121,ma_gig,attribution_wall_sec,4.46568623299936,
000246,voc2007,densenet121,ma_gig,insertion_auc,0.10580826753984246,
000246,voc2007,densenet121,ma_gig,deletion_auc,0.011296777363795382,
000246,voc2007,densenet121,ma_gig,stability_cosine,0.007954634889471941,
001444,voc2007,densenet121,ma_gig,attribution_wall_sec,4.46059730900015,
001444,voc2007,densenet121,ma_gig,insertion_auc,0.00395101291280264,
001444,voc2007,densenet121,ma_gig,deletion_auc,0.003965688330337517,
001444,voc2007,densenet121,ma_gig,stability_cosine,0.003177123135387508,
001501,voc2007,densenet121,ma_gig,attribution_wall_sec,4.468996415999754,
001501,voc2007,densenet121,ma_gig,insertion_auc,0.008598088893187852,
001501,voc2007,densenet121,ma_gig,deletion_auc,0.00811748564868066,
001501,voc2007,densenet121,ma_gig,stability_cosine,0.007250833383924525,
002249,voc2007,densenet121,ma_gig,attribution_wall_sec,4.474250430999746,
002249,voc2007,densenet121,ma_gig,insertion_auc,0.020267961741874882,
002249,voc2007,densenet121,ma_gig,deletion_auc,0.019934426742524946,
002249,voc2007,densenet121,ma_gig,stability_cosine,0.013756337030141272,
002836,voc2007,densenet121,ma_gig,attribution_wall_sec,4.435215480999432,
002836,voc2007,densenet121,ma_gig,insertion_auc,0.007623459466785256,
002836,voc2007,densenet121,ma_gig,deletion_auc,0.007602374447971028,
002836,voc2007,densenet121,ma_gig,stability_cosine,0.003115281297849441,
004113,voc2007,densenet121,ma_gig,attribution_wall_sec,4.4662290610003765,
004113,voc2007,densenet121,ma_gig,insertion_auc,0.4463863980828986,
004113,voc2007,densenet121,ma_gig,deletion_auc,0.019824092991507055,
004113,voc2007,densenet121,ma_gig,stability_cosine,0.015252244225360092,
004386,voc2007,densenet121,ma_gig,attribution_wall_sec,4.461547928999607,
004386,voc2007,densenet121,ma_gig,insertion_auc,0.035800345176939606,
004386,voc2007,densenet121,ma_gig,deletion_auc,0.020652105335870814,
004386,voc2007,densenet121,ma_gig,stability_cosine,-0.000555808356828072,
005283,voc2007,densenet121,ma_gig,attribution_wall_sec,4.512503349000326,
005283,voc2007,densenet121,ma_gig,insertion_auc,0.010592101173361422,
005283,voc2007,densenet121,ma_gig,deletion_auc,0.0051488418554957414,
005283,voc2007,densenet121,ma_gig,stability_cosine,0.0025887842164670047,
000246,voc2007,densenet121,fourier_shap,attribution_wall_sec,0.6610962349996043,
000246,voc2007,densenet121,fourier_shap,insertion_auc,0.08517037963443128,
000246,voc2007,densenet121,fourier_shap,deletion_auc,0.028095945860504026,
000246,voc2007,densenet121,fourier_shap,stability_cosine,0.9317444044513894,
001444,voc2007,densenet121,fourier_shap,attribution_wall_sec,0.6594141470004615,
001444,voc2007,densenet121,fourier_shap,insertion_auc,0.107286218578172,
001444,voc2007,densenet121,fourier_shap,deletion_auc,0.005676806810016968,
001444,voc2007,densenet121,fourier_shap,stability_cosine,0.9280789202381572,
001501,voc2007,densenet121,fourier_shap,attribution_wall_sec,0.6636938410001676,
001501,voc2007,densenet121,fourier_shap,insertion_auc,0.14372457483408338,
001501,voc2007,densenet121,fourier_shap,deletion_auc,0.00939682778567667,
001501,voc2007,densenet121,fourier_shap,stability_cosine,0.9522638459799182,
002249,voc2007,densenet121,fourier_shap,attribution_wall_sec,0.6624316549996365,
002249,voc2007,densenet121,fourier_shap,insertion_auc,0.18912925434652014,
002249,voc2007,densenet121,fourier_shap,deletion_auc,0.03637366747669862,
002249,voc2007,densenet121,fourier_shap,stability_cosine,0.9535597804932265,
002836,voc2007,densenet121,fourier_shap,attribution_wall_sec,0.6595477819992084,
002836,voc2007,densenet121,fourier_shap,insertion_auc,0.0131214346699385,
002836,voc2007,densenet121,fourier_shap,deletion_auc,0.011462084114043706,
002836,voc2007,densenet121,fourier_shap,stability_cosine,0.9507532898862548,
004113,voc2007,densenet121,fourier_shap,attribution_wall_sec,0.656703374999779,
004113,voc2007,densenet121,fourier_shap,insertion_auc,0.7784379051149263,
004113,voc2007,densenet121,fourier_shap,deletion_auc,0.10099891534418365,
004113,voc2007,densenet121,fourier_shap,stability_cosine,0.9892549790653477,
004386,voc2007,densenet121,fourier_shap,attribution_wall_sec,0.6538154439995196,
004386,voc2007,densenet121,fourier_shap,insertion_auc,0.4596744247169439,
004386,voc2007,densenet121,fourier_shap,deletion_auc,0.02925007944677774,
004386,voc2007,densenet121,fourier_shap,stability_cosine,0.9496569706363289,
005283,voc2007,densenet121,fourier_shap,attribution_wall_sec,0.6612727619994985,
005283,voc2007,densenet121,fourier_shap,insertion_auc,0.08420256654529179,
005283,voc2007,densenet121,fourier_shap,deletion_auc,0.008566127690411015,
005283,voc2007,densenet121,fourier_shap,stability_cosine,0.9713165006313348,
CHNCXR_0008_0,chncxr_shenzhen,resnet50,ma_gig,attribution_wall_sec,3.922709381000459,
CHNCXR_0008_0,chncxr_shenzhen,resnet50,ma_gig,insertion_auc,0.0017350083751009925,
CHNCXR_0008_0,chncxr_shenzhen,resnet50,ma_gig,deletion_auc,0.0017100543747069555,
CHNCXR_0008_0,chncxr_shenzhen,resnet50,ma_gig,stability_cosine,-0.0024210456807850925,
CHNCXR_0047_0,chncxr_shenzhen,resnet50,ma_gig,attribution_wall_sec,3.9015669000000344,
CHNCXR_0047_0,chncxr_shenzhen,resnet50,ma_gig,insertion_auc,0.0008098203799214936,
CHNCXR_0047_0,chncxr_shenzhen,resnet50,ma_gig,deletion_auc,0.0008387744192958589,
CHNCXR_0047_0,chncxr_shenzhen,resnet50,ma_gig,stability_cosine,-0.006971165575066331,
CHNCXR_0089_0,chncxr_shenzhen,resnet50,ma_gig,attribution_wall_sec,3.925855529000728,
CHNCXR_0089_0,chncxr_shenzhen,resnet50,ma_gig,insertion_auc,0.0024553939743261074,
CHNCXR_0089_0,chncxr_shenzhen,resnet50,ma_gig,deletion_auc,0.0025506730642746328,
CHNCXR_0089_0,chncxr_shenzhen,resnet50,ma_gig,stability_cosine,0.02266369883685257,
CHNCXR_0186_0,chncxr_shenzhen,resnet50,ma_gig,attribution_wall_sec,3.9160318300000654,
CHNCXR_0186_0,chncxr_shenzhen,resnet50,ma_gig,insertion_auc,0.0035835603369660522,
CHNCXR_0186_0,chncxr_shenzhen,resnet50,ma_gig,deletion_auc,0.003679503288831751,
CHNCXR_0186_0,chncxr_shenzhen,resnet50,ma_gig,stability_cosine,0.0011810994440963098,
CHNCXR_0210_0,chncxr_shenzhen,resnet50,ma_gig,attribution_wall_sec,3.9237573480004357,
CHNCXR_0210_0,chncxr_shenzhen,resnet50,ma_gig,insertion_auc,0.004274750170473124,
CHNCXR_0210_0,chncxr_shenzhen,resnet50,ma_gig,deletion_auc,0.0057298813321604025,
CHNCXR_0210_0,chncxr_shenzhen,resnet50,ma_gig,stability_cosine,0.0048833750158991125,
CHNCXR_0230_0,chncxr_shenzhen,resnet50,ma_gig,attribution_wall_sec,3.9015360290004537,
CHNCXR_0230_0,chncxr_shenzhen,resnet50,ma_gig,insertion_auc,0.0019146552382394459,
CHNCXR_0230_0,chncxr_shenzhen,resnet50,ma_gig,deletion_auc,0.007866236021092005,
CHNCXR_0230_0,chncxr_shenzhen,resnet50,ma_gig,stability_cosine,0.013291436758741542,
CHNCXR_0259_0,chncxr_shenzhen,resnet50,ma_gig,attribution_wall_sec,4.047287544000028,
CHNCXR_0259_0,chncxr_shenzhen,resnet50,ma_gig,insertion_auc,0.016076051295783857,
CHNCXR_0259_0,chncxr_shenzhen,resnet50,ma_gig,deletion_auc,0.00267736156703826,
CHNCXR_0259_0,chncxr_shenzhen,resnet50,ma_gig,stability_cosine,0.004281845531395404,
CHNCXR_0310_0,chncxr_shenzhen,resnet50,ma_gig,attribution_wall_sec,4.045062316999974,
CHNCXR_0310_0,chncxr_shenzhen,resnet50,ma_gig,insertion_auc,0.0031948849255721244,
CHNCXR_0310_0,chncxr_shenzhen,resnet50,ma_gig,deletion_auc,0.0031513019887677665,
CHNCXR_0310_0,chncxr_shenzhen,resnet50,ma_gig,stability_cosine,0.010496433499795269,
CHNCXR_0008_0,chncxr_shenzhen,resnet50,fourier_shap,attribution_wall_sec,0.6104473140003392,
CHNCXR_0008_0,chncxr_shenzhen,resnet50,fourier_shap,insertion_auc,0.1277658657689328,
CHNCXR_0008_0,chncxr_shenzhen,resnet50,fourier_shap,deletion_auc,0.005815153955361147,
CHNCXR_0008_0,chncxr_shenzhen,resnet50,fourier_shap,stability_cosine,0.8090231049208091,
CHNCXR_0047_0,chncxr_shenzhen,resnet50,fourier_shap,attribution_wall_sec,0.6324459249999563,
CHNCXR_0047_0,chncxr_shenzhen,resnet50,fourier_shap,insertion_auc,0.012315659997001894,
CHNCXR_0047_0,chncxr_shenzhen,resnet50,fourier_shap,deletion_auc,0.006112596266512557,
CHNCXR_0047_0,chncxr_shenzhen,resnet50,fourier_shap,stability_cosine,0.8590742229973032,
CHNCXR_0089_0,chncxr_shenzhen,resnet50,fourier_shap,attribution_wall_sec,0.6147383110001101,
CHNCXR_0089_0,chncxr_shenzhen,resnet50,fourier_shap,insertion_auc,0.07087244608381998,
CHNCXR_0089_0,chncxr_shenzhen,resnet50,fourier_shap,deletion_auc,0.02848183533243479,
CHNCXR_0089_0,chncxr_shenzhen,resnet50,fourier_shap,stability_cosine,0.8603170329319452,
CHNCXR_0186_0,chncxr_shenzhen,resnet50,fourier_shap,attribution_wall_sec,0.6155349049995493,
CHNCXR_0186_0,chncxr_shenzhen,resnet50,fourier_shap,insertion_auc,0.07635285245730764,
CHNCXR_0186_0,chncxr_shenzhen,resnet50,fourier_shap,deletion_auc,0.012215001990174314,
CHNCXR_0186_0,chncxr_shenzhen,resnet50,fourier_shap,stability_cosine,0.7357069078845535,
CHNCXR_0210_0,chncxr_shenzhen,resnet50,fourier_shap,attribution_wall_sec,0.6135310790004951,
CHNCXR_0210_0,chncxr_shenzhen,resnet50,fourier_shap,insertion_auc,0.019437616252186277,
CHNCXR_0210_0,chncxr_shenzhen,resnet50,fourier_shap,deletion_auc,0.001749134209929338,
CHNCXR_0210_0,chncxr_shenzhen,resnet50,fourier_shap,stability_cosine,0.8932611047437837,
CHNCXR_0230_0,chncxr_shenzhen,resnet50,fourier_shap,attribution_wall_sec,0.6116881010002544,
CHNCXR_0230_0,chncxr_shenzhen,resnet50,fourier_shap,insertion_auc,0.1020861990247566,
CHNCXR_0230_0,chncxr_shenzhen,resnet50,fourier_shap,deletion_auc,0.007518015523265374,
CHNCXR_0230_0,chncxr_shenzhen,resnet50,fourier_shap,stability_cosine,0.8326442854160565,
CHNCXR_0259_0,chncxr_shenzhen,resnet50,fourier_shap,attribution_wall_sec,0.611292087000038,
CHNCXR_0259_0,chncxr_shenzhen,resnet50,fourier_shap,insertion_auc,0.11610974539491639,
CHNCXR_0259_0,chncxr_shenzhen,resnet50,fourier_shap,deletion_auc,0.004876988367019188,
CHNCXR_0259_0,chncxr_shenzhen,resnet50,fourier_shap,stability_cosine,0.8369359001520956,
CHNCXR_0310_0,chncxr_shenzhen,resnet50,fourier_shap,attribution_wall_sec,0.6186912310004118,
CHNCXR_0310_0,chncxr_shenzhen,resnet50,fourier_shap,insertion_auc,0.15162623389197322,
CHNCXR_0310_0,chncxr_shenzhen,resnet50,fourier_shap,deletion_auc,0.009821429620123698,
CHNCXR_0310_0,chncxr_shenzhen,resnet50,fourier_shap,stability_cosine,0.8036056424820399,
CHNCXR_0008_0,chncxr_shenzhen,vgg16,ma_gig,attribution_wall_sec,3.9824668540004495,
CHNCXR_0008_0,chncxr_shenzhen,vgg16,ma_gig,insertion_auc,0.005906592465353874,
CHNCXR_0008_0,chncxr_shenzhen,vgg16,ma_gig,deletion_auc,0.01706220734308747,
CHNCXR_0008_0,chncxr_shenzhen,vgg16,ma_gig,stability_cosine,0.08778382415791391,
CHNCXR_0047_0,chncxr_shenzhen,vgg16,ma_gig,attribution_wall_sec,3.973809094999524,
CHNCXR_0047_0,chncxr_shenzhen,vgg16,ma_gig,insertion_auc,0.005995132420517983,
CHNCXR_0047_0,chncxr_shenzhen,vgg16,ma_gig,deletion_auc,0.008083909820987757,
CHNCXR_0047_0,chncxr_shenzhen,vgg16,ma_gig,stability_cosine,0.0008364241313774589,
CHNCXR_0089_0,chncxr_shenzhen,vgg16,ma_gig,attribution_wall_sec,3.970520189999661,
CHNCXR_0089_0,chncxr_shenzhen,vgg16,ma_gig,insertion_auc,0.0074420033985890515,
CHNCXR_0089_0,chncxr_shenzhen,vgg16,ma_gig,deletion_auc,0.007260892422058021,
CHNCXR_0089_0,chncxr_shenzhen,vgg16,ma_gig,stability_cosine,0.03453796015287539,
CHNCXR_0186_0,chncxr_shenzhen,vgg16,ma_gig,attribution_wall_sec,3.9753020069993,
CHNCXR_0186_0,chncxr_shenzhen,vgg16,ma_gig,insertion_auc,0.005692141814895134,
CHNCXR_0186_0,chncxr_shenzhen,vgg16,ma_gig,deletion_auc,0.0057681490951731725,
CHNCXR_0186_0,chncxr_shenzhen,vgg16,ma_gig,stability_cosine,0.0065920183279692315,
CHNCXR_0210_0,chncxr_shenzhen,vgg16,ma_gig,attribution_wall_sec,3.964678446000107,
CHNCXR_0210_0,chncxr_shenzhen,vgg16,ma_gig,insertion_auc,0.004204791852426486,
CHNCXR_0210_0,chncxr_shenzhen,vgg16,ma_gig,deletion_auc,0.004313108219431986,
CHNCXR_0210_0,chncxr_shenzhen,vgg16,ma_gig,stability_cosine,0.011226384730833814,
CHNCXR_0230_0,chncxr_shenzhen,vgg16,ma_gig,attribution_wall_sec,3.970160609999766,
CHNCXR_0230_0,chncxr_shenzhen,vgg16,ma_gig,insertion_auc,0.00442892120354457,
CHNCXR_0230_0,chncxr_shenzhen,vgg16,ma_gig,deletion_auc,0.0045715411256908225,
CHNCXR_0230_0,chncxr_shenzhen,vgg16,ma_gig,stability_cosine,0.021200637693539987,
CHNCXR_0259_0,chncxr_shenzhen,vgg16,ma_gig,attribution_wall_sec,3.9740688789997876,
CHNCXR_0259_0,chncxr_shenzhen,vgg16,ma_gig,insertion_auc,0.010511841116971477,
CHNCXR_0259_0,chncxr_shenzhen,vgg16,ma_gig,deletion_auc,0.012549307433768577,
CHNCXR_0259_0,chncxr_shenzhen,vgg16,ma_gig,stability_cosine,0.00013070250724935296,
CHNCXR_0310_0,chncxr_shenzhen,vgg16,ma_gig,attribution_wall_sec,3.9720730449998882,
CHNCXR_0310_0,chncxr_shenzhen,vgg16,ma_gig,insertion_auc,0.004219793554266578,
CHNCXR_0310_0,chncxr_shenzhen,vgg16,ma_gig,deletion_auc,0.004950558810219689,
CHNCXR_0310_0,chncxr_shenzhen,vgg16,ma_gig,stability_cosine,0.01747272552800349,
CHNCXR_0008_0,chncxr_shenzhen,vgg16,fourier_shap,attribution_wall_sec,0.9866988000003403,
CHNCXR_0008_0,chncxr_shenzhen,vgg16,fourier_shap,insertion_auc,0.026602073085816802,
CHNCXR_0008_0,chncxr_shenzhen,vgg16,fourier_shap,deletion_auc,0.041036915987450726,
CHNCXR_0008_0,chncxr_shenzhen,vgg16,fourier_shap,stability_cosine,-0.9031145513551564,
CHNCXR_0047_0,chncxr_shenzhen,vgg16,fourier_shap,attribution_wall_sec,0.9983587220003756,
CHNCXR_0047_0,chncxr_shenzhen,vgg16,fourier_shap,insertion_auc,0.06420137985078467,
CHNCXR_0047_0,chncxr_shenzhen,vgg16,fourier_shap,deletion_auc,0.052412108747493476,
CHNCXR_0047_0,chncxr_shenzhen,vgg16,fourier_shap,stability_cosine,0.8580062931272792,
CHNCXR_0089_0,chncxr_shenzhen,vgg16,fourier_shap,attribution_wall_sec,0.9904576540002381,
CHNCXR_0089_0,chncxr_shenzhen,vgg16,fourier_shap,insertion_auc,0.0109047184226626,
CHNCXR_0089_0,chncxr_shenzhen,vgg16,fourier_shap,deletion_auc,0.018185364403517864,
CHNCXR_0089_0,chncxr_shenzhen,vgg16,fourier_shap,stability_cosine,0.949476307935726,
CHNCXR_0186_0,chncxr_shenzhen,vgg16,fourier_shap,attribution_wall_sec,0.9883035450002353,
CHNCXR_0186_0,chncxr_shenzhen,vgg16,fourier_shap,insertion_auc,0.2014377813906625,
CHNCXR_0186_0,chncxr_shenzhen,vgg16,fourier_shap,deletion_auc,0.05796059659138411,
CHNCXR_0186_0,chncxr_shenzhen,vgg16,fourier_shap,stability_cosine,0.8939247843709891,
CHNCXR_0210_0,chncxr_shenzhen,vgg16,fourier_shap,attribution_wall_sec,0.9895666880001954,
CHNCXR_0210_0,chncxr_shenzhen,vgg16,fourier_shap,insertion_auc,0.08472210221772443,
CHNCXR_0210_0,chncxr_shenzhen,vgg16,fourier_shap,deletion_auc,0.00749380494057909,
CHNCXR_0210_0,chncxr_shenzhen,vgg16,fourier_shap,stability_cosine,0.9722152390070283,
CHNCXR_0230_0,chncxr_shenzhen,vgg16,fourier_shap,attribution_wall_sec,0.9886591090007641,
CHNCXR_0230_0,chncxr_shenzhen,vgg16,fourier_shap,insertion_auc,0.004877978604613024,
CHNCXR_0230_0,chncxr_shenzhen,vgg16,fourier_shap,deletion_auc,0.007019897359345149,
CHNCXR_0230_0,chncxr_shenzhen,vgg16,fourier_shap,stability_cosine,0.9604058627243133,
CHNCXR_0259_0,chncxr_shenzhen,vgg16,fourier_shap,attribution_wall_sec,1.0124262389999785,
CHNCXR_0259_0,chncxr_shenzhen,vgg16,fourier_shap,insertion_auc,0.010097332417748435,
CHNCXR_0259_0,chncxr_shenzhen,vgg16,fourier_shap,deletion_auc,0.006610093621815115,
CHNCXR_0259_0,chncxr_shenzhen,vgg16,fourier_shap,stability_cosine,0.5908075277401301,
CHNCXR_0310_0,chncxr_shenzhen,vgg16,fourier_shap,attribution_wall_sec,1.0039689690001978,
CHNCXR_0310_0,chncxr_shenzhen,vgg16,fourier_shap,insertion_auc,0.006519908332420551,
CHNCXR_0310_0,chncxr_shenzhen,vgg16,fourier_shap,deletion_auc,0.0060348564623716305,
CHNCXR_0310_0,chncxr_shenzhen,vgg16,fourier_shap,stability_cosine,0.9524685922627428,
CHNCXR_0008_0,chncxr_shenzhen,densenet121,ma_gig,attribution_wall_sec,4.4094168709998485,
CHNCXR_0008_0,chncxr_shenzhen,densenet121,ma_gig,insertion_auc,0.10534859869343124,
CHNCXR_0008_0,chncxr_shenzhen,densenet121,ma_gig,deletion_auc,0.4004215723234169,
CHNCXR_0008_0,chncxr_shenzhen,densenet121,ma_gig,stability_cosine,0.002984512653055786,
CHNCXR_0047_0,chncxr_shenzhen,densenet121,ma_gig,attribution_wall_sec,4.447389072999613,
CHNCXR_0047_0,chncxr_shenzhen,densenet121,ma_gig,insertion_auc,0.002343396268535739,
CHNCXR_0047_0,chncxr_shenzhen,densenet121,ma_gig,deletion_auc,0.0023255384368414296,
CHNCXR_0047_0,chncxr_shenzhen,densenet121,ma_gig,stability_cosine,0.001145754488155089,
CHNCXR_0089_0,chncxr_shenzhen,densenet121,ma_gig,attribution_wall_sec,4.409839693000322,
CHNCXR_0089_0,chncxr_shenzhen,densenet121,ma_gig,insertion_auc,0.0032454973542081307,
CHNCXR_0089_0,chncxr_shenzhen,densenet121,ma_gig,deletion_auc,0.003436586519580123,
CHNCXR_0089_0,chncxr_shenzhen,densenet121,ma_gig,stability_cosine,0.006883160135481567,
CHNCXR_0186_0,chncxr_shenzhen,densenet121,ma_gig,attribution_wall_sec,4.389475598999525,
CHNCXR_0186_0,chncxr_shenzhen,densenet121,ma_gig,insertion_auc,0.005412842671159135,
CHNCXR_0186_0,chncxr_shenzhen,densenet121,ma_gig,deletion_auc,0.00538979174859219,
CHNCXR_0186_0,chncxr_shenzhen,densenet121,ma_gig,stability_cosine,0.010499540449257402,
CHNCXR_0210_0,chncxr_shenzhen,densenet121,ma_gig,attribution_wall_sec,4.3791632020002,
CHNCXR_0210_0,chncxr_shenzhen,densenet121,ma_gig,insertion_auc,0.31908301510387016,
CHNCXR_0210_0,chncxr_shenzhen,densenet121,ma_gig,deletion_auc,0.6024919978276615,
CHNCXR_0210_0,chncxr_shenzhen,densenet121,ma_gig,stability_cosine,-0.0005158107060814557,
CHNCXR_0230_0,chncxr_shenzhen,densenet121,ma_gig,attribution_wall_sec,4.385319686999537,
CHNCXR_0230_0,chncxr_shenzhen,densenet121,ma_gig,insertion_auc,0.006049926033671049,
CHNCXR_0230_0,chncxr_shenzhen,densenet121,ma_gig,deletion_auc,0.008977862540950381,
CHNCXR_0230_0,chncxr_shenzhen,densenet121,ma_gig,stability_cosine,0.008703676235758673,
CHNCXR_0259_0,chncxr_shenzhen,densenet121,ma_gig,attribution_wall_sec,4.387684801999967,
CHNCXR_0259_0,chncxr_shenzhen,densenet121,ma_gig,insertion_auc,0.07719555368847315,
CHNCXR_0259_0,chncxr_shenzhen,densenet121,ma_gig,deletion_auc,0.014572557975895392,
CHNCXR_0259_0,chncxr_shenzhen,densenet121,ma_gig,stability_cosine,0.0028667781934536025,
CHNCXR_0310_0,chncxr_shenzhen,densenet121,ma_gig,attribution_wall_sec,4.398348658999566,
CHNCXR_0310_0,chncxr_shenzhen,densenet121,ma_gig,insertion_auc,0.009163509059557965,
CHNCXR_0310_0,chncxr_shenzhen,densenet121,ma_gig,deletion_auc,0.009181927688713615,
CHNCXR_0310_0,chncxr_shenzhen,densenet121,ma_gig,stability_cosine,0.0012754530814121528,
CHNCXR_0008_0,chncxr_shenzhen,densenet121,fourier_shap,attribution_wall_sec,0.6505492300002516,
CHNCXR_0008_0,chncxr_shenzhen,densenet121,fourier_shap,insertion_auc,0.11894446899300817,
CHNCXR_0008_0,chncxr_shenzhen,densenet121,fourier_shap,deletion_auc,0.004050562972997108,
CHNCXR_0008_0,chncxr_shenzhen,densenet121,fourier_shap,stability_cosine,0.8975841103556834,
CHNCXR_0047_0,chncxr_shenzhen,densenet121,fourier_shap,attribution_wall_sec,0.6842076299999462,
CHNCXR_0047_0,chncxr_shenzhen,densenet121,fourier_shap,insertion_auc,0.0023338885360136186,
CHNCXR_0047_0,chncxr_shenzhen,densenet121,fourier_shap,deletion_auc,0.0025961747638931364,
CHNCXR_0047_0,chncxr_shenzhen,densenet121,fourier_shap,stability_cosine,0.9538443347637474,
CHNCXR_0089_0,chncxr_shenzhen,densenet121,fourier_shap,attribution_wall_sec,0.6560214009996344,
CHNCXR_0089_0,chncxr_shenzhen,densenet121,fourier_shap,insertion_auc,0.04361313300405028,
CHNCXR_0089_0,chncxr_shenzhen,densenet121,fourier_shap,deletion_auc,0.03159077666533467,
CHNCXR_0089_0,chncxr_shenzhen,densenet121,fourier_shap,stability_cosine,0.6329281759823171,
CHNCXR_0186_0,chncxr_shenzhen,densenet121,fourier_shap,attribution_wall_sec,0.6579543240004568,
CHNCXR_0186_0,chncxr_shenzhen,densenet121,fourier_shap,insertion_auc,0.005428671042054545,
CHNCXR_0186_0,chncxr_shenzhen,densenet121,fourier_shap,deletion_auc,0.0054009821491959814,
CHNCXR_0186_0,chncxr_shenzhen,densenet121,fourier_shap,stability_cosine,0.957752276079501,
CHNCXR_0210_0,chncxr_shenzhen,densenet121,fourier_shap,attribution_wall_sec,0.6616008700002567,
CHNCXR_0210_0,chncxr_shenzhen,densenet121,fourier_shap,insertion_auc,0.043574480254859674,
CHNCXR_0210_0,chncxr_shenzhen,densenet121,fourier_shap,deletion_auc,0.012517425588119796,
CHNCXR_0210_0,chncxr_shenzhen,densenet121,fourier_shap,stability_cosine,0.9539961708195634,
CHNCXR_0230_0,chncxr_shenzhen,densenet121,fourier_shap,attribution_wall_sec,0.659804905000783,
CHNCXR_0230_0,chncxr_shenzhen,densenet121,fourier_shap,insertion_auc,0.01676724093064804,
CHNCXR_0230_0,chncxr_shenzhen,densenet121,fourier_shap,deletion_auc,0.030787603194274173,
CHNCXR_0230_0,chncxr_shenzhen,densenet121,fourier_shap,stability_cosine,0.9657886054488494,
CHNCXR_0259_0,chncxr_shenzhen,densenet121,fourier_shap,attribution_wall_sec,0.6480672500001674,
CHNCXR_0259_0,chncxr_shenzhen,densenet121,fourier_shap,insertion_auc,0.45730736130306493,
CHNCXR_0259_0,chncxr_shenzhen,densenet121,fourier_shap,deletion_auc,0.058887297213539545,
CHNCXR_0259_0,chncxr_shenzhen,densenet121,fourier_shap,stability_cosine,0.9170970582996438,
CHNCXR_0310_0,chncxr_shenzhen,densenet121,fourier_shap,attribution_wall_sec,0.6559445900002174,
CHNCXR_0310_0,chncxr_shenzhen,densenet121,fourier_shap,insertion_auc,0.009405975245696046,
CHNCXR_0310_0,chncxr_shenzhen,densenet121,fourier_shap,deletion_auc,0.00949165019468388,
CHNCXR_0310_0,chncxr_shenzhen,densenet121,fourier_shap,stability_cosine,0.9460046317009418,
