dataset,model,method,method_setting,per_image_attribution_sec,per_image_total_sec,estimated,time_100_images_sec,time_500_images_sec
imagenet,vgg16,gradcam,main_p2_config,0.00834473546885306,0.17043424271878393,1,22.15645155344191,110.78225776720956
imagenet,vgg16,kernelshap,main_p2_config,1.1233067449687724,3.518296771156372,1,457.37858025032835,2286.892901251642
imagenet,vgg16,ig,main_p2_config,0.1294713544688193,0.5198010995937352,1,67.57414294718558,337.8707147359279
imagenet,vgg16,rise,main_p2_config,1.009929863281286,3.1632929766563507,1,411.2280869653256,2056.140434826628
imagenet,vgg16,ablation,main_p2_config,0.1060938176562729,0.4572608914374996,1,59.44391588687495,297.21957943437474
imagenet,vgg16,lime,main_p2_config,1.1558132613749876,3.6039689230000533,1,468.51595999000693,2342.5797999500346
imagenet,vgg16,fourier_shap,n_samples=512,1.0072042113751536,3.1400651006874227,1,408.20846308936495,2041.042315446825
imagenet,vgg16,ma_gig,n_steps=200_reference,24.78264264199953,74.49137850468634,1,9683.879205609224,48419.39602804612
imagenet,resnet50,gradcam,main_p2_config,0.011657982062615702,0.11082318053121298,1,14.407013469057688,72.03506734528844
imagenet,resnet50,kernelshap,main_p2_config,0.7438774100311605,2.2993029020936433,1,298.90937727217363,1494.5468863608683
imagenet,resnet50,ig,main_p2_config,0.08886601984377762,0.33912587875011013,1,44.08636423751432,220.4318211875716
imagenet,resnet50,rise,main_p2_config,0.6168825808125291,1.9273872353749368,1,250.5603405987418,1252.801702993709
imagenet,resnet50,ablation,main_p2_config,0.0689836730936122,0.2849066610000932,1,37.03786593001212,185.18932965006059
imagenet,resnet50,lime,main_p2_config,0.7643054259063149,2.3825207200937086,1,309.7276936121821,1548.6384680609106
imagenet,resnet50,fourier_shap,n_samples=512,0.6168710381875258,1.9133544164375849,1,248.73607413688603,1243.6803706844303
imagenet,resnet50,ma_gig,n_steps=200_reference,24.723886239249737,74.22061216262387,1,9648.679581141103,48243.39790570551
imagenet,densenet121,gradcam,main_p2_config,0.018135559187555828,0.1336623171874578,1,17.376101234369514,86.88050617184757
imagenet,densenet121,kernelshap,main_p2_config,0.8063622003749344,2.5281144069999755,1,328.6548729099968,1643.274364549984
imagenet,densenet121,ig,main_p2_config,0.10029698331257464,0.3789509427812163,1,49.26362256155812,246.3181128077906
imagenet,densenet121,rise,main_p2_config,0.6963937631562942,2.1693597599062286,1,282.0167687878097,1410.0838439390486
imagenet,densenet121,ablation,main_p2_config,0.08292726743732715,0.3356460442187199,1,43.63398574843359,218.16992874216794
imagenet,densenet121,lime,main_p2_config,0.8406769452812739,2.6029021769062126,1,338.37728299780764,1691.8864149890385
imagenet,densenet121,fourier_shap,n_samples=512,0.6595078400624743,2.058432316874928,1,267.5962011937406,1337.9810059687031
imagenet,densenet121,ma_gig,n_steps=200_reference,25.232892368186924,75.75916770656119,1,9848.691801852954,49243.45900926477
voc2007,vgg16,gradcam,main_p2_config,0.00785311600014893,0.15942174200012005,0,20.724826460015606,103.62413230007803
voc2007,vgg16,kernelshap,main_p2_config,1.1403863693124663,3.57846137306268,0,465.1999784981484,2325.9998924907422
voc2007,vgg16,ig,main_p2_config,0.1327351120000344,0.5303667036250772,0,68.94767147126004,344.7383573563002
voc2007,vgg16,rise,main_p2_config,1.031622183937543,3.228883248000102,0,419.75482224001325,2098.7741112000663
voc2007,vgg16,ablation,main_p2_config,0.10817570912496421,0.46895177812490374,0,60.963731156237486,304.81865578118743
voc2007,vgg16,lime,main_p2_config,1.17927323318753,3.6771366577499975,0,478.0277655074997,2390.1388275374984
voc2007,vgg16,fourier_shap,n_samples=512,1.0196034570000165,3.166872226249893,0,411.6933894124861,2058.466947062431
voc2007,vgg16,ma_gig,n_steps=200_reference,24.79398701224966,74.52278760562376,1,9687.96238873109,48439.81194365545
voc2007,resnet50,gradcam,main_p2_config,0.013691184437675474,0.11999810450004134,0,15.599753585005374,77.99876792502687
voc2007,resnet50,kernelshap,main_p2_config,0.7779427681250013,2.356213614062426,0,306.3077698281154,1531.538849140577
voc2007,resnet50,ig,main_p2_config,0.09020753300006845,0.3436986170000864,0,44.680820210011234,223.40410105005617
voc2007,resnet50,rise,main_p2_config,0.6281136863124743,1.957793962562448,0,254.51321513311825,1272.5660756655914
voc2007,resnet50,ablation,main_p2_config,0.07048255774975587,0.28968088668750624,0,37.65851526937581,188.29257634687906
voc2007,resnet50,lime,main_p2_config,0.7737790867500394,2.4174182764999728,0,314.26437594499646,1571.3218797249824
voc2007,resnet50,fourier_shap,n_samples=512,0.6176959572499072,1.918647204625131,0,249.42413660126704,1247.1206830063352
voc2007,resnet50,ma_gig,n_steps=200_reference,24.70138323774961,74.14036198437384,1,9638.2470579686,48191.235289842996
voc2007,densenet121,gradcam,main_p2_config,0.01897685000005822,0.13806709406242135,0,17.948722228114775,89.74361114057388
voc2007,densenet121,kernelshap,main_p2_config,0.8259839702498653,2.5805144128750044,0,335.46687367375057,1677.3343683687528
voc2007,densenet121,ig,main_p2_config,0.10302556100009497,0.38846994537499313,0,50.50109289874911,252.50546449374554
voc2007,densenet121,rise,main_p2_config,0.7116275535624936,2.2122920273125146,0,287.5979635506269,1437.9898177531345
voc2007,densenet121,ablation,main_p2_config,0.08460017012487242,0.3418551385624937,0,44.441168013124184,222.20584006562092
voc2007,densenet121,lime,main_p2_config,0.8479734884375603,2.6217105393122893,0,340.8223701105976,1704.111850552988
voc2007,densenet121,fourier_shap,n_samples=512,0.6597469051247344,2.0638592268750244,0,268.3016994937532,1341.5084974687659
voc2007,densenet121,ma_gig,n_steps=200_reference,25.266541657124435,75.8495787251237,1,9860.44523426608,49302.22617133041
chncxr_shenzhen,vgg16,gradcam,main_p2_config,0.00883635493755719,0.18144674343744782,0,23.588076646868217,117.94038323434108
chncxr_shenzhen,vgg16,kernelshap,main_p2_config,1.1062271206250784,3.4581321692500637,0,449.5571820025083,2247.7859100125415
chncxr_shenzhen,vgg16,ig,main_p2_config,0.1262075969376042,0.5092354955623932,0,66.20061442311112,331.0030721155556
chncxr_shenzhen,vgg16,rise,main_p2_config,0.9882375426250292,3.0977027053125994,0,402.7013516906379,2013.5067584531896
chncxr_shenzhen,vgg16,ablation,main_p2_config,0.1040119261875816,0.44557000475009545,0,57.92410061751241,289.62050308756204
chncxr_shenzhen,vgg16,lime,main_p2_config,1.1323532895624453,3.530801188250109,0,459.0041544725142,2295.020772362571
chncxr_shenzhen,vgg16,fourier_shap,n_samples=512,0.9948049657502906,3.1132579751249523,0,404.7235367662438,2023.617683831219
chncxr_shenzhen,vgg16,ma_gig,n_steps=200_reference,24.7712982717494,74.45996940374891,1,9679.796022487359,48398.980112436795
chncxr_shenzhen,resnet50,gradcam,main_p2_config,0.009624779687555929,0.10164825656238463,0,13.214273353110002,66.07136676555001
chncxr_shenzhen,resnet50,kernelshap,main_p2_config,0.7098120519373197,2.2423921901248605,0,291.51098471623186,1457.5549235811593
chncxr_shenzhen,resnet50,ig,main_p2_config,0.08752450668748679,0.33455314050013385,0,43.4919082650174,217.459541325087
chncxr_shenzhen,resnet50,rise,main_p2_config,0.6056514753125839,1.8969805081874256,0,246.60746606436533,1233.0373303218266
chncxr_shenzhen,resnet50,ablation,main_p2_config,0.06748478843746852,0.2801324353126802,0,36.41721659064842,182.0860829532421
chncxr_shenzhen,resnet50,lime,main_p2_config,0.7548317650625904,2.3476231636874445,0,305.1910112793678,1525.955056396839
chncxr_shenzhen,resnet50,fourier_shap,n_samples=512,0.6160461191251443,1.9080616282500387,0,248.04801167250503,1240.2400583625251
chncxr_shenzhen,resnet50,ma_gig,n_steps=200_reference,24.746389240749863,74.30086234087389,1,9659.112104313606,48295.56052156803
chncxr_shenzhen,densenet121,gradcam,main_p2_config,0.017294268375053434,0.12925754031249426,0,16.803480240624253,84.01740120312127
chncxr_shenzhen,densenet121,kernelshap,main_p2_config,0.7867404305000036,2.4757144011249466,0,321.84287214624305,1609.2143607312153
chncxr_shenzhen,densenet121,ig,main_p2_config,0.09756840562505431,0.3694319401874395,0,48.02615222436714,240.1307611218357
chncxr_shenzhen,densenet121,rise,main_p2_config,0.6811599727500948,2.1264274924999427,0,276.43557402499255,1382.1778701249627
chncxr_shenzhen,densenet121,ablation,main_p2_config,0.08125436474978187,0.3294369498749461,0,42.82680348374299,214.13401741871496
chncxr_shenzhen,densenet121,lime,main_p2_config,0.8333804021249875,2.584093814500136,0,335.9321958850177,1679.6609794250885
chncxr_shenzhen,densenet121,fourier_shap,n_samples=512,0.6592687750002142,2.0530054068748314,0,266.8907028937281,1334.4535144686404
chncxr_shenzhen,densenet121,ma_gig,n_steps=200_reference,25.199243079249413,75.66875668799867,1,9836.938369439828,49184.69184719914
