image_id,dataset,model,num_masks,time_ms,reference_num_masks,pearson_to_reference,mae_to_reference
ILSVRC2012_val_00012132,imagenet,resnet50,1000,2704.032899986487,4000,0.8928948640823364,0.11223666369915009
ILSVRC2012_val_00012132,imagenet,resnet50,2000,5433.729899988975,4000,0.9656057953834534,0.04513700306415558
ILSVRC2012_val_00012132,imagenet,resnet50,4000,10901.794700010214,4000,1.0000001192092896,0.0
ILSVRC2012_val_00000140,imagenet,resnet50,1000,2707.1767000015825,4000,0.9814606308937073,0.02481621876358986
ILSVRC2012_val_00000140,imagenet,resnet50,2000,5483.069300011266,4000,0.9926484227180481,0.027974437922239304
ILSVRC2012_val_00000140,imagenet,resnet50,4000,11071.210299996892,4000,1.0000001192092896,0.0
ILSVRC2012_val_00031295,imagenet,resnet50,1000,2776.6679000051226,4000,0.7182480096817017,0.12633170187473297
ILSVRC2012_val_00031295,imagenet,resnet50,2000,5556.740200001514,4000,0.8488750457763672,0.1009397804737091
ILSVRC2012_val_00031295,imagenet,resnet50,4000,11075.141899986193,4000,1.0,0.0
ILSVRC2012_val_00004300,imagenet,resnet50,1000,2775.2264000009745,4000,0.9791251420974731,0.03148194029927254
ILSVRC2012_val_00004300,imagenet,resnet50,2000,5472.827799996594,4000,0.9924397468566895,0.033844560384750366
ILSVRC2012_val_00004300,imagenet,resnet50,4000,10984.552400012035,4000,1.0,0.0
ILSVRC2012_val_00007011,imagenet,resnet50,1000,2782.2913999843877,4000,0.841576337814331,0.09002093970775604
ILSVRC2012_val_00007011,imagenet,resnet50,2000,5480.372300022282,4000,0.9242549538612366,0.0624748170375824
ILSVRC2012_val_00007011,imagenet,resnet50,4000,11065.057100000558,4000,1.0,0.0
ILSVRC2012_val_00008228,imagenet,resnet50,1000,2742.3972000251524,4000,0.9490875005722046,0.05372254550457001
ILSVRC2012_val_00008228,imagenet,resnet50,2000,5466.688999993494,4000,0.9846224188804626,0.027040019631385803
ILSVRC2012_val_00008228,imagenet,resnet50,4000,10939.15069999639,4000,0.9999999403953552,0.0
ILSVRC2012_val_00016006,imagenet,resnet50,1000,2744.0776999865193,4000,0.9240233302116394,0.07146448642015457
ILSVRC2012_val_00016006,imagenet,resnet50,2000,5488.594700000249,4000,0.9659032225608826,0.052273496985435486
ILSVRC2012_val_00016006,imagenet,resnet50,4000,11052.85360000562,4000,1.0000001192092896,0.0
ILSVRC2012_val_00023543,imagenet,resnet50,1000,2747.508599975845,4000,0.9662336707115173,0.07859974354505539
ILSVRC2012_val_00023543,imagenet,resnet50,2000,5562.422399991192,4000,0.9909549951553345,0.03429669886827469
ILSVRC2012_val_00023543,imagenet,resnet50,4000,10897.457199986093,4000,1.0,0.0
ILSVRC2012_val_00023347,imagenet,resnet50,1000,2678.651100024581,4000,0.6297536492347717,0.1393938511610031
ILSVRC2012_val_00023347,imagenet,resnet50,2000,5365.924999990966,4000,0.822685182094574,0.09282082319259644
ILSVRC2012_val_00023347,imagenet,resnet50,4000,10802.024999982677,4000,1.0000001192092896,0.0
ILSVRC2012_val_00011253,imagenet,resnet50,1000,2694.5107999781612,4000,0.9334197640419006,0.07552476972341537
ILSVRC2012_val_00011253,imagenet,resnet50,2000,5366.140800004359,4000,0.9669480919837952,0.04460080340504646
ILSVRC2012_val_00011253,imagenet,resnet50,4000,10793.783000000985,4000,1.0,0.0
ILSVRC2012_val_00003259,imagenet,resnet50,1000,2688.5602999827825,4000,0.6869632005691528,0.13999292254447937
ILSVRC2012_val_00003259,imagenet,resnet50,2000,5406.760199985001,4000,0.8445011377334595,0.0864495187997818
ILSVRC2012_val_00003259,imagenet,resnet50,4000,10806.740799976978,4000,1.0000001192092896,0.0
ILSVRC2012_val_00004482,imagenet,resnet50,1000,2712.109899992356,4000,0.9293507933616638,0.07927199453115463
ILSVRC2012_val_00004482,imagenet,resnet50,2000,5372.6874999993015,4000,0.9683384299278259,0.047467537224292755
ILSVRC2012_val_00004482,imagenet,resnet50,4000,10801.788000011584,4000,1.0000001192092896,0.0
ILSVRC2012_val_00008860,imagenet,resnet50,1000,2712.8446999995504,4000,0.9694285988807678,0.0517335906624794
ILSVRC2012_val_00008860,imagenet,resnet50,2000,5444.784000021173,4000,0.9881933927536011,0.026063963770866394
ILSVRC2012_val_00008860,imagenet,resnet50,4000,10763.141600007657,4000,1.0,0.0
ILSVRC2012_val_00014374,imagenet,resnet50,1000,2698.9224999852013,4000,0.943234384059906,0.07530533522367477
ILSVRC2012_val_00014374,imagenet,resnet50,2000,5445.913200004725,4000,0.9846065044403076,0.028762681409716606
ILSVRC2012_val_00014374,imagenet,resnet50,4000,10829.870799992932,4000,1.0000001192092896,0.0
ILSVRC2012_val_00011915,imagenet,resnet50,1000,2702.765200025169,4000,0.758236825466156,0.11788562685251236
ILSVRC2012_val_00011915,imagenet,resnet50,2000,5395.9552999876905,4000,0.8991785645484924,0.07729162275791168
ILSVRC2012_val_00011915,imagenet,resnet50,4000,10812.4792999879,4000,1.0,0.0
ILSVRC2012_val_00019344,imagenet,resnet50,1000,2705.7155999937095,4000,0.9721674919128418,0.051858991384506226
ILSVRC2012_val_00019344,imagenet,resnet50,2000,5421.992000017781,4000,0.987716019153595,0.03029380924999714
ILSVRC2012_val_00019344,imagenet,resnet50,4000,10827.533600007882,4000,1.0,0.0
ILSVRC2012_val_00015926,imagenet,resnet50,1000,2694.541400007438,4000,0.950400173664093,0.04591735079884529
ILSVRC2012_val_00015926,imagenet,resnet50,2000,5410.174499993445,4000,0.9830555319786072,0.03707015886902809
ILSVRC2012_val_00015926,imagenet,resnet50,4000,10849.170999979833,4000,0.9999999403953552,0.0
ILSVRC2012_val_00007971,imagenet,resnet50,1000,2694.202499988023,4000,0.9661207795143127,0.06031202897429466
ILSVRC2012_val_00007971,imagenet,resnet50,2000,5451.0190000000875,4000,0.9839752316474915,0.03670034185051918
ILSVRC2012_val_00007971,imagenet,resnet50,4000,10940.080999978818,4000,1.0000001192092896,0.0
ILSVRC2012_val_00015160,imagenet,resnet50,1000,2711.5384000062477,4000,0.9241045117378235,0.09171466529369354
ILSVRC2012_val_00015160,imagenet,resnet50,2000,5466.717300005257,4000,0.9678572416305542,0.04278082773089409
ILSVRC2012_val_00015160,imagenet,resnet50,4000,10848.055999987992,4000,0.9999999403953552,0.0
ILSVRC2012_val_00013600,imagenet,resnet50,1000,2730.3684999933466,4000,0.8173961639404297,0.08922939002513885
ILSVRC2012_val_00013600,imagenet,resnet50,2000,5424.327499989886,4000,0.9397971630096436,0.06508945673704147
ILSVRC2012_val_00013600,imagenet,resnet50,4000,10851.914400001988,4000,0.9999999403953552,0.0
ILSVRC2012_val_00000391,imagenet,resnet50,1000,2718.871000019135,4000,0.950075089931488,0.06003880500793457
ILSVRC2012_val_00000391,imagenet,resnet50,2000,5423.882400005823,4000,0.9743155241012573,0.03514779359102249
ILSVRC2012_val_00000391,imagenet,resnet50,4000,10883.517899987055,4000,1.0000001192092896,0.0
ILSVRC2012_val_00044836,imagenet,resnet50,1000,2746.8939000100363,4000,0.9762935638427734,0.04513951763510704
ILSVRC2012_val_00044836,imagenet,resnet50,2000,5420.501400018111,4000,0.9907305836677551,0.026397254317998886
ILSVRC2012_val_00044836,imagenet,resnet50,4000,10876.854100002674,4000,1.0000001192092896,0.0
ILSVRC2012_val_00008135,imagenet,resnet50,1000,2699.9599999981,4000,0.7861741185188293,0.12018748372793198
ILSVRC2012_val_00008135,imagenet,resnet50,2000,5423.987500020303,4000,0.8679516315460205,0.07971232384443283
ILSVRC2012_val_00008135,imagenet,resnet50,4000,10852.15779999271,4000,0.9999999403953552,0.0
ILSVRC2012_val_00010132,imagenet,resnet50,1000,2728.4636000113096,4000,0.9440193176269531,0.05481516197323799
ILSVRC2012_val_00010132,imagenet,resnet50,2000,5438.525100005791,4000,0.983661949634552,0.031178316101431847
ILSVRC2012_val_00010132,imagenet,resnet50,4000,10843.370500020683,4000,1.0,0.0
ILSVRC2012_val_00007283,imagenet,resnet50,1000,2729.0289999800734,4000,0.9800577759742737,0.035987041890621185
ILSVRC2012_val_00007283,imagenet,resnet50,2000,5421.604200004367,4000,0.9867244958877563,0.027042260393500328
ILSVRC2012_val_00007283,imagenet,resnet50,4000,10900.887999974657,4000,1.0,0.0
ILSVRC2012_val_00007178,imagenet,resnet50,1000,2700.680400012061,4000,0.8184317946434021,0.13424326479434967
ILSVRC2012_val_00007178,imagenet,resnet50,2000,5458.748000004562,4000,0.9207525253295898,0.08809428662061691
ILSVRC2012_val_00007178,imagenet,resnet50,4000,10834.734700008994,4000,1.0000001192092896,0.0
ILSVRC2012_val_00020205,imagenet,resnet50,1000,2706.9772999966517,4000,0.848483681678772,0.08183938264846802
ILSVRC2012_val_00020205,imagenet,resnet50,2000,5447.864399990067,4000,0.9230994582176208,0.07067900896072388
ILSVRC2012_val_00020205,imagenet,resnet50,4000,10842.37359999679,4000,1.0,0.0
ILSVRC2012_val_00012313,imagenet,resnet50,1000,2716.0294999775942,4000,0.6493822336196899,0.11635999381542206
ILSVRC2012_val_00012313,imagenet,resnet50,2000,5410.426299989922,4000,0.7449597120285034,0.09933915734291077
ILSVRC2012_val_00012313,imagenet,resnet50,4000,10849.312199978158,4000,1.0000001192092896,0.0
ILSVRC2012_val_00007854,imagenet,resnet50,1000,2701.6160000057425,4000,0.8428505063056946,0.1037387102842331
ILSVRC2012_val_00007854,imagenet,resnet50,2000,5405.075999995461,4000,0.8842176198959351,0.0822063535451889
ILSVRC2012_val_00007854,imagenet,resnet50,4000,10923.917300009634,4000,1.0,0.0
ILSVRC2012_val_00005867,imagenet,resnet50,1000,2722.0778000191785,4000,0.9593325853347778,0.07112432271242142
ILSVRC2012_val_00005867,imagenet,resnet50,2000,5442.557800008217,4000,0.9878796935081482,0.032165054231882095
ILSVRC2012_val_00005867,imagenet,resnet50,4000,10852.5379000057,4000,1.0000001192092896,0.0
ILSVRC2012_val_00049131,imagenet,resnet50,1000,2712.3674000031315,4000,0.9565069079399109,0.05532510578632355
ILSVRC2012_val_00049131,imagenet,resnet50,2000,5399.699500005227,4000,0.9792791604995728,0.0354217030107975
ILSVRC2012_val_00049131,imagenet,resnet50,4000,10894.957799988333,4000,1.0,0.0
ILSVRC2012_val_00002794,imagenet,resnet50,1000,2702.001800003927,4000,0.8376630544662476,0.10138825327157974
ILSVRC2012_val_00002794,imagenet,resnet50,2000,5422.78449999867,4000,0.9109387993812561,0.05799303203821182
ILSVRC2012_val_00002794,imagenet,resnet50,4000,10859.471799980383,4000,1.0,0.0
ILSVRC2012_val_00020015,imagenet,resnet50,1000,2702.4850000161678,4000,0.9086610674858093,0.08089480549097061
ILSVRC2012_val_00020015,imagenet,resnet50,2000,5465.593200002331,4000,0.9639533758163452,0.04824306443333626
ILSVRC2012_val_00020015,imagenet,resnet50,4000,10881.460200005677,4000,1.0,0.0
ILSVRC2012_val_00006457,imagenet,resnet50,1000,2734.193799988134,4000,0.9418936967849731,0.07803239673376083
ILSVRC2012_val_00006457,imagenet,resnet50,2000,5472.804199991515,4000,0.9858521819114685,0.04201594740152359
ILSVRC2012_val_00006457,imagenet,resnet50,4000,10813.096199999563,4000,1.0000001192092896,0.0
ILSVRC2012_val_00005363,imagenet,resnet50,1000,2715.4066000075545,4000,0.7465932369232178,0.10031845420598984
ILSVRC2012_val_00005363,imagenet,resnet50,2000,5456.595700001344,4000,0.9017921090126038,0.08354721963405609
ILSVRC2012_val_00005363,imagenet,resnet50,4000,10953.349099989282,4000,1.0,0.0
ILSVRC2012_val_00029916,imagenet,resnet50,1000,2719.5557999948505,4000,0.9618796110153198,0.06235763803124428
ILSVRC2012_val_00029916,imagenet,resnet50,2000,5413.336900004651,4000,0.9887834787368774,0.03509371355175972
ILSVRC2012_val_00029916,imagenet,resnet50,4000,10975.873200019123,4000,1.0,0.0
ILSVRC2012_val_00030940,imagenet,resnet50,1000,2749.648700002581,4000,0.7434511780738831,0.095831498503685
ILSVRC2012_val_00030940,imagenet,resnet50,2000,5441.865600005258,4000,0.8826448321342468,0.10476414114236832
ILSVRC2012_val_00030940,imagenet,resnet50,4000,10929.094199993415,4000,1.0,0.0
ILSVRC2012_val_00007404,imagenet,resnet50,1000,2691.93259999156,4000,0.835422158241272,0.08613836765289307
ILSVRC2012_val_00007404,imagenet,resnet50,2000,5435.920999996597,4000,0.9139212965965271,0.06392251700162888
ILSVRC2012_val_00007404,imagenet,resnet50,4000,10861.336100002518,4000,1.0,0.0
ILSVRC2012_val_00013911,imagenet,resnet50,1000,2761.8501000106335,4000,0.9322753548622131,0.06019642949104309
ILSVRC2012_val_00013911,imagenet,resnet50,2000,5444.259799987776,4000,0.9762260913848877,0.036033745855093
ILSVRC2012_val_00013911,imagenet,resnet50,4000,10899.994600011269,4000,1.0,0.0
ILSVRC2012_val_00008938,imagenet,resnet50,1000,2726.9807000120636,4000,0.7305575013160706,0.16204863786697388
ILSVRC2012_val_00008938,imagenet,resnet50,2000,5454.762100009248,4000,0.8988071084022522,0.0781979113817215
ILSVRC2012_val_00008938,imagenet,resnet50,4000,10930.779799993616,4000,1.0,0.0
