image_id,class_id,class_name,bbox_x1y1x2y2,image_path
000012,6,car,"[156, 97, 351, 270]",voc\raw\000012.jpg
000036,11,dog,"[27, 79, 319, 344]",voc\raw\000036.jpg
000039,19,tvmonitor,"[156, 89, 344, 279]",voc\raw\000039.jpg
000113,14,person,"[277, 101, 354, 260]",voc\raw\000113.jpg
000118,7,cat,"[164, 97, 281, 375]",voc\raw\000118.jpg
000132,5,bus,"[43, 66, 279, 363]",voc\raw\000132.jpg
000158,2,bird,"[196, 83, 267, 207]",voc\raw\000158.jpg
000211,9,cow,"[48, 262, 244, 349]",voc\raw\000211.jpg
000215,7,cat,"[144, 81, 338, 411]",voc\raw\000215.jpg
000221,6,car,"[72, 77, 432, 253]",voc\raw\000221.jpg
000228,0,aeroplane,"[92, 82, 314, 228]",voc\raw\000228.jpg
000236,2,bird,"[88, 169, 275, 314]",voc\raw\000236.jpg
000244,16,sheep,"[116, 202, 157, 230]",voc\raw\000244.jpg
000246,11,dog,"[60, 44, 331, 310]",voc\raw\000246.jpg
000262,6,car,"[343, 96, 500, 196]",voc\raw\000262.jpg
000270,18,train,"[150, 120, 443, 183]",voc\raw\000270.jpg
000298,14,person,"[180, 32, 339, 359]",voc\raw\000298.jpg
000317,6,car,"[118, 151, 407, 221]",voc\raw\000317.jpg
000321,14,person,"[44, 167, 249, 458]",voc\raw\000321.jpg
000332,12,horse,"[54, 50, 285, 262]",voc\raw\000332.jpg
000403,7,cat,"[157, 90, 486, 372]",voc\raw\000403.jpg
000522,6,car,"[36, 128, 434, 271]",voc\raw\000522.jpg
000540,18,train,"[135, 93, 321, 298]",voc\raw\000540.jpg
000563,3,boat,"[164, 165, 450, 210]",voc\raw\000563.jpg
000605,6,car,"[321, 175, 386, 192]",voc\raw\000605.jpg
000622,9,cow,"[156, 87, 401, 339]",voc\raw\000622.jpg
000656,11,dog,"[230, 61, 447, 174]",voc\raw\000656.jpg
000712,18,train,"[3, 93, 383, 273]",voc\raw\000712.jpg
000714,2,bird,"[190, 56, 439, 300]",voc\raw\000714.jpg
000720,11,dog,"[217, 118, 305, 263]",voc\raw\000720.jpg
000738,0,aeroplane,"[1, 124, 496, 235]",voc\raw\000738.jpg
000748,5,bus,"[47, 100, 440, 246]",voc\raw\000748.jpg
000764,12,horse,"[79, 80, 366, 271]",voc\raw\000764.jpg
000823,6,car,"[49, 160, 343, 265]",voc\raw\000823.jpg
000831,18,train,"[83, 124, 239, 377]",voc\raw\000831.jpg
000845,0,aeroplane,"[9, 97, 493, 206]",voc\raw\000845.jpg
000867,15,pottedplant,"[172, 96, 230, 191]",voc\raw\000867.jpg
000871,6,car,"[8, 114, 491, 292]",voc\raw\000871.jpg
000899,18,train,"[92, 139, 473, 243]",voc\raw\000899.jpg
001008,13,motorbike,"[220, 154, 300, 280]",voc\raw\001008.jpg
001012,0,aeroplane,"[225, 117, 307, 206]",voc\raw\001012.jpg
001078,7,cat,"[2, 101, 245, 375]",voc\raw\001078.jpg
001130,9,cow,"[114, 107, 296, 266]",voc\raw\001130.jpg
001205,3,boat,"[88, 76, 314, 263]",voc\raw\001205.jpg
001225,11,dog,"[100, 212, 303, 414]",voc\raw\001225.jpg
001260,2,bird,"[167, 85, 245, 140]",voc\raw\001260.jpg
001273,2,bird,"[53, 132, 392, 419]",voc\raw\001273.jpg
001274,7,cat,"[138, 196, 230, 344]",voc\raw\001274.jpg
001289,2,bird,"[157, 98, 355, 188]",voc\raw\001289.jpg
001323,18,train,"[33, 188, 481, 322]",voc\raw\001323.jpg
001332,0,aeroplane,"[20, 26, 82, 72]",voc\raw\001332.jpg
001360,6,car,"[7, 91, 448, 272]",voc\raw\001360.jpg
001383,18,train,"[100, 138, 431, 312]",voc\raw\001383.jpg
001397,11,dog,"[128, 121, 214, 263]",voc\raw\001397.jpg
001453,2,bird,"[176, 29, 297, 306]",voc\raw\001453.jpg
001466,6,car,"[2, 114, 452, 264]",voc\raw\001466.jpg
001467,11,dog,"[253, 81, 475, 241]",voc\raw\001467.jpg
001470,19,tvmonitor,"[103, 30, 311, 234]",voc\raw\001470.jpg
001481,3,boat,"[225, 161, 281, 252]",voc\raw\001481.jpg
001486,7,cat,"[110, 61, 461, 269]",voc\raw\001486.jpg
001528,2,bird,"[46, 76, 372, 348]",voc\raw\001528.jpg
001539,1,bicycle,"[102, 167, 357, 350]",voc\raw\001539.jpg
001555,7,cat,"[333, 294, 390, 368]",voc\raw\001555.jpg
001576,6,car,"[51, 172, 458, 280]",voc\raw\001576.jpg
001597,2,bird,"[227, 135, 330, 291]",voc\raw\001597.jpg
001610,7,cat,"[16, 56, 368, 276]",voc\raw\001610.jpg
001627,14,person,"[104, 7, 280, 475]",voc\raw\001627.jpg
001638,0,aeroplane,"[187, 83, 337, 236]",voc\raw\001638.jpg
001661,16,sheep,"[107, 199, 330, 374]",voc\raw\001661.jpg
001669,7,cat,"[21, 75, 364, 337]",voc\raw\001669.jpg
001686,14,person,"[112, 168, 206, 500]",voc\raw\001686.jpg
001708,0,aeroplane,"[6, 93, 498, 245]",voc\raw\001708.jpg
001734,16,sheep,"[100, 84, 441, 313]",voc\raw\001734.jpg
001768,7,cat,"[1, 63, 261, 344]",voc\raw\001768.jpg
001840,7,cat,"[128, 174, 321, 296]",voc\raw\001840.jpg
001853,2,bird,"[202, 63, 343, 286]",voc\raw\001853.jpg
001872,16,sheep,"[153, 22, 355, 342]",voc\raw\001872.jpg
001875,19,tvmonitor,"[36, 138, 143, 234]",voc\raw\001875.jpg
001888,7,cat,"[78, 32, 276, 413]",voc\raw\001888.jpg
001922,0,aeroplane,"[65, 75, 470, 269]",voc\raw\001922.jpg
001931,6,car,"[44, 114, 489, 288]",voc\raw\001931.jpg
001933,2,bird,"[70, 43, 399, 319]",voc\raw\001933.jpg
001934,7,cat,"[36, 55, 239, 262]",voc\raw\001934.jpg
001937,6,car,"[11, 211, 332, 433]",voc\raw\001937.jpg
001960,12,horse,"[108, 138, 264, 332]",voc\raw\001960.jpg
001981,7,cat,"[36, 1, 329, 273]",voc\raw\001981.jpg
001982,7,cat,"[85, 50, 379, 348]",voc\raw\001982.jpg
002042,12,horse,"[75, 182, 260, 360]",voc\raw\002042.jpg
002153,6,car,"[83, 166, 375, 291]",voc\raw\002153.jpg
002178,6,car,"[100, 136, 460, 320]",voc\raw\002178.jpg
002182,6,car,"[15, 121, 438, 252]",voc\raw\002182.jpg
002199,11,dog,"[69, 163, 477, 372]",voc\raw\002199.jpg
002212,2,bird,"[42, 72, 459, 247]",voc\raw\002212.jpg
002260,13,motorbike,"[107, 61, 447, 287]",voc\raw\002260.jpg
002318,13,motorbike,"[29, 167, 188, 340]",voc\raw\002318.jpg
002320,15,pottedplant,"[69, 33, 282, 202]",voc\raw\002320.jpg
002321,18,train,"[117, 197, 242, 306]",voc\raw\002321.jpg
002328,19,tvmonitor,"[107, 61, 351, 315]",voc\raw\002328.jpg
002345,11,dog,"[78, 144, 282, 477]",voc\raw\002345.jpg
002354,0,aeroplane,"[64, 128, 451, 252]",voc\raw\002354.jpg
002364,11,dog,"[169, 108, 397, 276]",voc\raw\002364.jpg
002392,3,boat,"[60, 106, 412, 177]",voc\raw\002392.jpg
002411,6,car,"[129, 163, 300, 259]",voc\raw\002411.jpg
002420,6,car,"[81, 48, 475, 251]",voc\raw\002420.jpg
002454,6,car,"[100, 73, 263, 200]",voc\raw\002454.jpg
002459,14,person,"[121, 205, 192, 237]",voc\raw\002459.jpg
002462,18,train,"[54, 75, 500, 158]",voc\raw\002462.jpg
002466,11,dog,"[125, 92, 421, 217]",voc\raw\002466.jpg
002502,18,train,"[12, 114, 275, 412]",voc\raw\002502.jpg
002525,18,train,"[1, 234, 461, 372]",voc\raw\002525.jpg
002598,15,pottedplant,"[89, 49, 244, 394]",voc\raw\002598.jpg
002603,2,bird,"[185, 99, 304, 245]",voc\raw\002603.jpg
002683,16,sheep,"[130, 123, 348, 293]",voc\raw\002683.jpg
002689,14,person,"[199, 21, 336, 344]",voc\raw\002689.jpg
002690,11,dog,"[82, 296, 327, 500]",voc\raw\002690.jpg
002706,7,cat,"[119, 61, 351, 330]",voc\raw\002706.jpg
002714,14,person,"[168, 91, 246, 357]",voc\raw\002714.jpg
002717,2,bird,"[170, 103, 278, 300]",voc\raw\002717.jpg
002718,2,bird,"[138, 38, 407, 298]",voc\raw\002718.jpg
002721,2,bird,"[274, 86, 453, 220]",voc\raw\002721.jpg
002785,7,cat,"[222, 1, 475, 178]",voc\raw\002785.jpg
002796,7,cat,"[130, 227, 306, 364]",voc\raw\002796.jpg
002810,11,dog,"[84, 59, 360, 256]",voc\raw\002810.jpg
002844,18,train,"[141, 37, 500, 248]",voc\raw\002844.jpg
002848,13,motorbike,"[201, 15, 278, 82]",voc\raw\002848.jpg
002854,6,car,"[3, 175, 500, 331]",voc\raw\002854.jpg
002869,0,aeroplane,"[21, 94, 489, 226]",voc\raw\002869.jpg
002891,18,train,"[68, 50, 381, 324]",voc\raw\002891.jpg
002896,2,bird,"[124, 71, 253, 500]",voc\raw\002896.jpg
002932,14,person,"[103, 369, 195, 468]",voc\raw\002932.jpg
002938,2,bird,"[46, 139, 259, 260]",voc\raw\002938.jpg
002942,0,aeroplane,"[222, 153, 312, 192]",voc\raw\002942.jpg
002960,14,person,"[47, 75, 271, 315]",voc\raw\002960.jpg
002969,2,bird,"[139, 125, 500, 374]",voc\raw\002969.jpg
003009,6,car,"[135, 294, 386, 363]",voc\raw\003009.jpg
003015,12,horse,"[182, 128, 274, 218]",voc\raw\003015.jpg
003064,14,person,"[79, 103, 215, 500]",voc\raw\003064.jpg
003090,18,train,"[79, 116, 301, 206]",voc\raw\003090.jpg
003112,2,bird,"[164, 87, 306, 332]",voc\raw\003112.jpg
003126,2,bird,"[132, 156, 280, 248]",voc\raw\003126.jpg
003133,0,aeroplane,"[32, 55, 435, 213]",voc\raw\003133.jpg
003135,18,train,"[2, 114, 497, 276]",voc\raw\003135.jpg
003154,5,bus,"[162, 102, 468, 302]",voc\raw\003154.jpg
003157,19,tvmonitor,"[137, 57, 303, 185]",voc\raw\003157.jpg
003163,5,bus,"[56, 66, 441, 240]",voc\raw\003163.jpg
003204,19,tvmonitor,"[172, 195, 278, 299]",voc\raw\003204.jpg
003244,18,train,"[1, 142, 498, 245]",voc\raw\003244.jpg
003250,2,bird,"[174, 24, 355, 333]",voc\raw\003250.jpg
003274,11,dog,"[148, 77, 298, 239]",voc\raw\003274.jpg
003338,2,bird,"[196, 75, 334, 285]",voc\raw\003338.jpg
003349,2,bird,"[88, 55, 327, 289]",voc\raw\003349.jpg
003351,7,cat,"[160, 83, 461, 347]",voc\raw\003351.jpg
003354,9,cow,"[93, 75, 256, 223]",voc\raw\003354.jpg
003365,0,aeroplane,"[118, 108, 450, 197]",voc\raw\003365.jpg
003370,18,train,"[162, 93, 289, 276]",voc\raw\003370.jpg
003377,2,bird,"[135, 141, 292, 360]",voc\raw\003377.jpg
003410,9,cow,"[66, 149, 240, 237]",voc\raw\003410.jpg
003421,8,chair,"[107, 322, 300, 500]",voc\raw\003421.jpg
003441,5,bus,"[105, 98, 378, 274]",voc\raw\003441.jpg
003443,11,dog,"[59, 96, 229, 233]",voc\raw\003443.jpg
003444,17,sofa,"[36, 91, 304, 263]",voc\raw\003444.jpg
003489,11,dog,"[280, 32, 456, 257]",voc\raw\003489.jpg
003493,0,aeroplane,"[137, 119, 440, 234]",voc\raw\003493.jpg
003509,15,pottedplant,"[184, 28, 375, 499]",voc\raw\003509.jpg
003519,2,bird,"[114, 84, 316, 375]",voc\raw\003519.jpg
003522,7,cat,"[249, 2, 500, 328]",voc\raw\003522.jpg
003546,7,cat,"[132, 82, 257, 228]",voc\raw\003546.jpg
003554,0,aeroplane,"[75, 126, 436, 250]",voc\raw\003554.jpg
003565,2,bird,"[280, 218, 500, 317]",voc\raw\003565.jpg
003597,18,train,"[9, 135, 392, 399]",voc\raw\003597.jpg
003627,11,dog,"[135, 1, 365, 333]",voc\raw\003627.jpg
003640,9,cow,"[274, 184, 444, 287]",voc\raw\003640.jpg
003695,18,train,"[1, 145, 480, 283]",voc\raw\003695.jpg
003704,2,bird,"[220, 62, 458, 347]",voc\raw\003704.jpg
003705,16,sheep,"[196, 100, 270, 176]",voc\raw\003705.jpg
003773,0,aeroplane,"[13, 121, 485, 230]",voc\raw\003773.jpg
003784,1,bicycle,"[32, 232, 311, 407]",voc\raw\003784.jpg
003786,5,bus,"[171, 165, 287, 273]",voc\raw\003786.jpg
003790,6,car,"[54, 115, 462, 269]",voc\raw\003790.jpg
003803,2,bird,"[156, 186, 249, 341]",voc\raw\003803.jpg
003828,2,bird,"[168, 53, 223, 86]",voc\raw\003828.jpg
003868,14,person,"[2, 235, 500, 374]",voc\raw\003868.jpg
003871,2,bird,"[119, 82, 313, 433]",voc\raw\003871.jpg
003890,7,cat,"[7, 270, 282, 500]",voc\raw\003890.jpg
003905,2,bird,"[236, 66, 376, 267]",voc\raw\003905.jpg
003935,11,dog,"[98, 55, 347, 340]",voc\raw\003935.jpg
003971,6,car,"[26, 125, 479, 273]",voc\raw\003971.jpg
003991,7,cat,"[79, 53, 500, 264]",voc\raw\003991.jpg
003993,0,aeroplane,"[45, 87, 418, 245]",voc\raw\003993.jpg
004015,11,dog,"[73, 23, 302, 375]",voc\raw\004015.jpg
004052,0,aeroplane,"[47, 108, 398, 213]",voc\raw\004052.jpg
004076,7,cat,"[77, 53, 415, 280]",voc\raw\004076.jpg
004082,1,bicycle,"[170, 74, 261, 331]",voc\raw\004082.jpg
004133,14,person,"[97, 18, 224, 334]",voc\raw\004133.jpg
004163,19,tvmonitor,"[248, 197, 355, 316]",voc\raw\004163.jpg
004171,2,bird,"[97, 302, 272, 433]",voc\raw\004171.jpg
004174,5,bus,"[3, 233, 136, 381]",voc\raw\004174.jpg
004190,19,tvmonitor,"[1, 115, 201, 326]",voc\raw\004190.jpg
004192,19,tvmonitor,"[138, 220, 233, 300]",voc\raw\004192.jpg
004220,2,bird,"[152, 132, 380, 214]",voc\raw\004220.jpg
004221,2,bird,"[240, 155, 321, 240]",voc\raw\004221.jpg
004263,2,bird,"[76, 112, 366, 328]",voc\raw\004263.jpg
004300,13,motorbike,"[79, 201, 235, 317]",voc\raw\004300.jpg
004318,11,dog,"[1, 61, 365, 283]",voc\raw\004318.jpg
004325,3,boat,"[1, 22, 189, 346]",voc\raw\004325.jpg
004345,7,cat,"[105, 8, 367, 316]",voc\raw\004345.jpg
004351,0,aeroplane,"[100, 25, 162, 75]",voc\raw\004351.jpg
004430,1,bicycle,"[93, 25, 245, 302]",voc\raw\004430.jpg
004436,18,train,"[108, 154, 243, 382]",voc\raw\004436.jpg
004498,3,boat,"[126, 159, 215, 284]",voc\raw\004498.jpg
004540,17,sofa,"[8, 141, 333, 316]",voc\raw\004540.jpg
004555,0,aeroplane,"[142, 174, 355, 245]",voc\raw\004555.jpg
004597,8,chair,"[83, 181, 120, 255]",voc\raw\004597.jpg
004600,7,cat,"[178, 40, 298, 281]",voc\raw\004600.jpg
004612,2,bird,"[230, 133, 270, 202]",voc\raw\004612.jpg
004628,7,cat,"[235, 1, 443, 279]",voc\raw\004628.jpg
004634,12,horse,"[160, 143, 400, 305]",voc\raw\004634.jpg
004636,2,bird,"[192, 117, 412, 206]",voc\raw\004636.jpg
004651,3,boat,"[153, 154, 216, 262]",voc\raw\004651.jpg
004652,19,tvmonitor,"[79, 1, 434, 216]",voc\raw\004652.jpg
004653,14,person,"[51, 109, 276, 448]",voc\raw\004653.jpg
004675,18,train,"[3, 46, 374, 150]",voc\raw\004675.jpg
004689,18,train,"[16, 155, 477, 345]",voc\raw\004689.jpg
004770,14,person,"[83, 2, 335, 500]",voc\raw\004770.jpg
004792,7,cat,"[115, 135, 257, 336]",voc\raw\004792.jpg
004816,11,dog,"[113, 37, 365, 294]",voc\raw\004816.jpg
004849,18,train,"[143, 191, 250, 281]",voc\raw\004849.jpg
004850,6,car,"[245, 92, 405, 195]",voc\raw\004850.jpg
004863,6,car,"[61, 61, 421, 282]",voc\raw\004863.jpg
004873,6,car,"[8, 119, 371, 355]",voc\raw\004873.jpg
004890,6,car,"[56, 97, 454, 313]",voc\raw\004890.jpg
004966,2,bird,"[135, 130, 322, 276]",voc\raw\004966.jpg
004972,2,bird,"[115, 78, 344, 482]",voc\raw\004972.jpg
004982,0,aeroplane,"[5, 111, 500, 221]",voc\raw\004982.jpg
004984,8,chair,"[295, 34, 480, 213]",voc\raw\004984.jpg
004999,11,dog,"[157, 101, 307, 216]",voc\raw\004999.jpg
005003,6,car,"[188, 161, 251, 192]",voc\raw\005003.jpg
005004,17,sofa,"[137, 31, 454, 275]",voc\raw\005004.jpg
005006,2,bird,"[207, 392, 291, 453]",voc\raw\005006.jpg
005007,19,tvmonitor,"[116, 10, 390, 266]",voc\raw\005007.jpg
005023,2,bird,"[207, 266, 259, 339]",voc\raw\005023.jpg
005056,11,dog,"[43, 45, 242, 213]",voc\raw\005056.jpg
005067,6,car,"[400, 233, 441, 273]",voc\raw\005067.jpg
005128,3,boat,"[122, 138, 401, 206]",voc\raw\005128.jpg
005168,18,train,"[36, 116, 445, 229]",voc\raw\005168.jpg
005202,2,bird,"[65, 91, 356, 255]",voc\raw\005202.jpg
005208,14,person,"[111, 156, 231, 333]",voc\raw\005208.jpg
005209,6,car,"[82, 75, 416, 299]",voc\raw\005209.jpg
005217,3,boat,"[1, 214, 338, 334]",voc\raw\005217.jpg
005290,0,aeroplane,"[227, 121, 287, 181]",voc\raw\005290.jpg
005293,11,dog,"[99, 80, 184, 195]",voc\raw\005293.jpg
005305,6,car,"[74, 358, 266, 462]",voc\raw\005305.jpg
005312,7,cat,"[111, 53, 364, 366]",voc\raw\005312.jpg
005320,3,boat,"[374, 144, 480, 188]",voc\raw\005320.jpg
005325,3,boat,"[277, 250, 326, 309]",voc\raw\005325.jpg
005337,3,boat,"[284, 99, 357, 130]",voc\raw\005337.jpg
005340,3,boat,"[219, 18, 360, 238]",voc\raw\005340.jpg
005350,6,car,"[85, 140, 400, 249]",voc\raw\005350.jpg
005352,11,dog,"[137, 97, 237, 291]",voc\raw\005352.jpg
005370,3,boat,"[260, 156, 351, 178]",voc\raw\005370.jpg
005405,14,person,"[71, 151, 276, 401]",voc\raw\005405.jpg
005406,0,aeroplane,"[172, 126, 235, 187]",voc\raw\005406.jpg
005407,18,train,"[157, 234, 182, 266]",voc\raw\005407.jpg
005408,11,dog,"[87, 113, 335, 269]",voc\raw\005408.jpg
005418,9,cow,"[216, 97, 432, 312]",voc\raw\005418.jpg
005544,18,train,"[79, 188, 288, 310]",voc\raw\005544.jpg
005584,6,car,"[334, 192, 488, 319]",voc\raw\005584.jpg
005586,7,cat,"[116, 107, 212, 301]",voc\raw\005586.jpg
005588,6,car,"[150, 223, 266, 311]",voc\raw\005588.jpg
005592,6,car,"[122, 135, 277, 207]",voc\raw\005592.jpg
005640,6,car,"[107, 188, 245, 271]",voc\raw\005640.jpg
005655,0,aeroplane,"[134, 180, 287, 230]",voc\raw\005655.jpg
005676,15,pottedplant,"[134, 32, 388, 285]",voc\raw\005676.jpg
005685,18,train,"[48, 130, 300, 451]",voc\raw\005685.jpg
005699,3,boat,"[155, 217, 346, 310]",voc\raw\005699.jpg
005705,3,boat,"[62, 16, 246, 408]",voc\raw\005705.jpg
005718,8,chair,"[33, 233, 160, 385]",voc\raw\005718.jpg
005742,3,boat,"[422, 226, 472, 254]",voc\raw\005742.jpg
005769,7,cat,"[68, 162, 497, 343]",voc\raw\005769.jpg
005780,14,person,"[213, 111, 304, 197]",voc\raw\005780.jpg
005803,10,diningtable,"[67, 156, 433, 273]",voc\raw\005803.jpg
005817,15,pottedplant,"[252, 2, 500, 370]",voc\raw\005817.jpg
005828,0,aeroplane,"[86, 62, 443, 210]",voc\raw\005828.jpg
005831,6,car,"[36, 147, 465, 344]",voc\raw\005831.jpg
005851,18,train,"[223, 155, 316, 190]",voc\raw\005851.jpg
005868,6,car,"[19, 134, 488, 324]",voc\raw\005868.jpg
005878,13,motorbike,"[100, 92, 323, 222]",voc\raw\005878.jpg
005909,2,bird,"[152, 124, 291, 333]",voc\raw\005909.jpg
005912,2,bird,"[245, 71, 345, 284]",voc\raw\005912.jpg
005947,16,sheep,"[90, 26, 323, 330]",voc\raw\005947.jpg
005960,7,cat,"[94, 284, 166, 370]",voc\raw\005960.jpg
006027,8,chair,"[150, 203, 198, 344]",voc\raw\006027.jpg
006067,0,aeroplane,"[41, 184, 291, 257]",voc\raw\006067.jpg
006070,2,bird,"[1, 179, 338, 500]",voc\raw\006070.jpg
006111,9,cow,"[111, 89, 472, 301]",voc\raw\006111.jpg
006134,12,horse,"[125, 99, 442, 318]",voc\raw\006134.jpg
006135,18,train,"[221, 143, 266, 183]",voc\raw\006135.jpg
006136,16,sheep,"[54, 183, 166, 262]",voc\raw\006136.jpg
006153,18,train,"[242, 145, 306, 202]",voc\raw\006153.jpg
006162,0,aeroplane,"[38, 100, 445, 215]",voc\raw\006162.jpg
006175,14,person,"[207, 88, 295, 199]",voc\raw\006175.jpg
006208,0,aeroplane,"[2, 106, 499, 266]",voc\raw\006208.jpg
006219,11,dog,"[186, 96, 365, 312]",voc\raw\006219.jpg
006223,6,car,"[128, 90, 426, 266]",voc\raw\006223.jpg
006252,11,dog,"[136, 86, 486, 303]",voc\raw\006252.jpg
006260,7,cat,"[100, 56, 500, 233]",voc\raw\006260.jpg
006264,2,bird,"[193, 38, 339, 348]",voc\raw\006264.jpg
006282,14,person,"[119, 98, 312, 334]",voc\raw\006282.jpg
006301,6,car,"[408, 308, 453, 326]",voc\raw\006301.jpg
006304,3,boat,"[321, 197, 357, 252]",voc\raw\006304.jpg
006305,7,cat,"[205, 77, 429, 375]",voc\raw\006305.jpg
006314,19,tvmonitor,"[103, 114, 354, 373]",voc\raw\006314.jpg
006335,4,bottle,"[290, 28, 367, 298]",voc\raw\006335.jpg
006337,11,dog,"[55, 111, 418, 318]",voc\raw\006337.jpg
006350,0,aeroplane,"[20, 68, 454, 228]",voc\raw\006350.jpg
006377,18,train,"[79, 117, 391, 282]",voc\raw\006377.jpg
006382,12,horse,"[3, 62, 295, 331]",voc\raw\006382.jpg
006404,9,cow,"[121, 232, 176, 270]",voc\raw\006404.jpg
006437,5,bus,"[164, 147, 281, 180]",voc\raw\006437.jpg
006456,11,dog,"[48, 36, 373, 313]",voc\raw\006456.jpg
006468,18,train,"[199, 129, 358, 247]",voc\raw\006468.jpg
006470,2,bird,"[192, 133, 287, 324]",voc\raw\006470.jpg
006523,0,aeroplane,"[189, 186, 312, 230]",voc\raw\006523.jpg
006538,18,train,"[119, 94, 308, 258]",voc\raw\006538.jpg
006543,2,bird,"[174, 25, 309, 160]",voc\raw\006543.jpg
006549,3,boat,"[176, 20, 247, 68]",voc\raw\006549.jpg
006553,8,chair,"[160, 219, 351, 486]",voc\raw\006553.jpg
006587,14,person,"[213, 31, 288, 198]",voc\raw\006587.jpg
006619,0,aeroplane,"[110, 128, 222, 195]",voc\raw\006619.jpg
006636,0,aeroplane,"[26, 75, 355, 238]",voc\raw\006636.jpg
006643,2,bird,"[180, 39, 452, 375]",voc\raw\006643.jpg
006657,7,cat,"[190, 72, 341, 269]",voc\raw\006657.jpg
006687,4,bottle,"[358, 2, 426, 103]",voc\raw\006687.jpg
006703,14,person,"[89, 102, 223, 337]",voc\raw\006703.jpg
006730,18,train,"[5, 174, 465, 338]",voc\raw\006730.jpg
006736,6,car,"[102, 170, 282, 241]",voc\raw\006736.jpg
006747,13,motorbike,"[139, 3, 341, 334]",voc\raw\006747.jpg
006814,19,tvmonitor,"[1, 214, 471, 375]",voc\raw\006814.jpg
006825,2,bird,"[150, 54, 447, 278]",voc\raw\006825.jpg
006838,14,person,"[230, 35, 500, 332]",voc\raw\006838.jpg
006947,19,tvmonitor,"[152, 81, 428, 347]",voc\raw\006947.jpg
006952,2,bird,"[161, 137, 256, 197]",voc\raw\006952.jpg
006995,8,chair,"[243, 174, 339, 339]",voc\raw\006995.jpg
007029,1,bicycle,"[372, 129, 500, 323]",voc\raw\007029.jpg
007050,7,cat,"[135, 93, 310, 332]",voc\raw\007050.jpg
007084,2,bird,"[157, 109, 389, 315]",voc\raw\007084.jpg
007097,0,aeroplane,"[31, 113, 422, 216]",voc\raw\007097.jpg
007123,18,train,"[86, 121, 281, 277]",voc\raw\007123.jpg
007174,13,motorbike,"[238, 186, 320, 271]",voc\raw\007174.jpg
007197,7,cat,"[92, 57, 364, 334]",voc\raw\007197.jpg
007210,19,tvmonitor,"[90, 1, 413, 156]",voc\raw\007210.jpg
007224,18,train,"[144, 107, 291, 221]",voc\raw\007224.jpg
007249,7,cat,"[74, 54, 352, 345]",voc\raw\007249.jpg
007274,0,aeroplane,"[1, 108, 497, 264]",voc\raw\007274.jpg
007318,14,person,"[21, 23, 46, 93]",voc\raw\007318.jpg
007330,14,person,"[124, 14, 487, 330]",voc\raw\007330.jpg
007363,6,car,"[32, 98, 419, 264]",voc\raw\007363.jpg
007419,7,cat,"[172, 66, 479, 339]",voc\raw\007419.jpg
007424,6,car,"[90, 61, 451, 270]",voc\raw\007424.jpg
007467,18,train,"[2, 124, 284, 208]",voc\raw\007467.jpg
007481,2,bird,"[61, 53, 362, 317]",voc\raw\007481.jpg
007489,11,dog,"[198, 42, 491, 372]",voc\raw\007489.jpg
007523,2,bird,"[248, 51, 498, 142]",voc\raw\007523.jpg
007551,1,bicycle,"[49, 65, 252, 485]",voc\raw\007551.jpg
007603,12,horse,"[206, 177, 337, 291]",voc\raw\007603.jpg
007612,11,dog,"[94, 189, 258, 500]",voc\raw\007612.jpg
007618,14,person,"[33, 51, 202, 500]",voc\raw\007618.jpg
007654,0,aeroplane,"[259, 78, 400, 247]",voc\raw\007654.jpg
007663,6,car,"[49, 94, 461, 296]",voc\raw\007663.jpg
007672,17,sofa,"[1, 166, 128, 316]",voc\raw\007672.jpg
007678,2,bird,"[78, 83, 420, 181]",voc\raw\007678.jpg
007679,1,bicycle,"[26, 236, 232, 325]",voc\raw\007679.jpg
007702,19,tvmonitor,"[381, 206, 460, 283]",voc\raw\007702.jpg
007743,3,boat,"[116, 149, 218, 275]",voc\raw\007743.jpg
007758,7,cat,"[54, 50, 196, 215]",voc\raw\007758.jpg
007772,9,cow,"[149, 87, 321, 270]",voc\raw\007772.jpg
007847,2,bird,"[170, 110, 465, 294]",voc\raw\007847.jpg
007853,2,bird,"[86, 177, 350, 452]",voc\raw\007853.jpg
007863,7,cat,"[201, 140, 440, 296]",voc\raw\007863.jpg
007864,0,aeroplane,"[22, 64, 148, 148]",voc\raw\007864.jpg
007876,2,bird,"[226, 181, 316, 308]",voc\raw\007876.jpg
007889,14,person,"[290, 64, 424, 375]",voc\raw\007889.jpg
007899,4,bottle,"[227, 25, 255, 112]",voc\raw\007899.jpg
007910,14,person,"[316, 18, 465, 375]",voc\raw\007910.jpg
007914,2,bird,"[62, 114, 352, 414]",voc\raw\007914.jpg
007921,6,car,"[58, 257, 234, 351]",voc\raw\007921.jpg
007954,11,dog,"[28, 111, 380, 212]",voc\raw\007954.jpg
007968,11,dog,"[132, 1, 341, 287]",voc\raw\007968.jpg
008029,15,pottedplant,"[134, 14, 258, 195]",voc\raw\008029.jpg
008032,2,bird,"[166, 67, 472, 266]",voc\raw\008032.jpg
008037,6,car,"[147, 50, 461, 234]",voc\raw\008037.jpg
008049,19,tvmonitor,"[159, 15, 392, 255]",voc\raw\008049.jpg
008075,11,dog,"[1, 64, 298, 375]",voc\raw\008075.jpg
008085,2,bird,"[54, 173, 100, 219]",voc\raw\008085.jpg
008093,6,car,"[1, 284, 84, 375]",voc\raw\008093.jpg
008121,19,tvmonitor,"[77, 18, 243, 255]",voc\raw\008121.jpg
008144,8,chair,"[102, 238, 317, 450]",voc\raw\008144.jpg
008168,2,bird,"[34, 124, 242, 243]",voc\raw\008168.jpg
008173,18,train,"[112, 150, 500, 237]",voc\raw\008173.jpg
008191,12,horse,"[204, 167, 280, 227]",voc\raw\008191.jpg
008211,14,person,"[78, 182, 282, 500]",voc\raw\008211.jpg
008222,11,dog,"[49, 98, 276, 422]",voc\raw\008222.jpg
008226,2,bird,"[82, 1, 214, 165]",voc\raw\008226.jpg
008235,18,train,"[48, 127, 337, 284]",voc\raw\008235.jpg
008299,9,cow,"[113, 89, 304, 401]",voc\raw\008299.jpg
008326,0,aeroplane,"[19, 102, 479, 231]",voc\raw\008326.jpg
008329,6,car,"[54, 141, 369, 233]",voc\raw\008329.jpg
008403,7,cat,"[229, 17, 499, 385]",voc\raw\008403.jpg
008425,11,dog,"[322, 258, 496, 341]",voc\raw\008425.jpg
008438,2,bird,"[215, 137, 377, 287]",voc\raw\008438.jpg
008442,7,cat,"[231, 70, 387, 221]",voc\raw\008442.jpg
008443,2,bird,"[206, 98, 393, 310]",voc\raw\008443.jpg
008454,3,boat,"[2, 249, 375, 500]",voc\raw\008454.jpg
008483,6,car,"[202, 137, 348, 186]",voc\raw\008483.jpg
008492,18,train,"[153, 69, 496, 243]",voc\raw\008492.jpg
008494,5,bus,"[210, 143, 296, 230]",voc\raw\008494.jpg
008512,11,dog,"[209, 106, 318, 207]",voc\raw\008512.jpg
008519,2,bird,"[125, 41, 479, 282]",voc\raw\008519.jpg
008556,8,chair,"[284, 100, 500, 333]",voc\raw\008556.jpg
008606,11,dog,"[114, 75, 348, 360]",voc\raw\008606.jpg
008635,2,bird,"[154, 70, 479, 251]",voc\raw\008635.jpg
008647,14,person,"[1, 2, 465, 375]",voc\raw\008647.jpg
008653,12,horse,"[137, 27, 312, 454]",voc\raw\008653.jpg
008654,2,bird,"[40, 116, 259, 257]",voc\raw\008654.jpg
008690,14,person,"[147, 14, 337, 267]",voc\raw\008690.jpg
008716,6,car,"[196, 93, 361, 207]",voc\raw\008716.jpg
008720,7,cat,"[93, 235, 250, 386]",voc\raw\008720.jpg
008727,6,car,"[3, 249, 375, 500]",voc\raw\008727.jpg
008756,7,cat,"[210, 121, 289, 174]",voc\raw\008756.jpg
008776,2,bird,"[160, 38, 296, 314]",voc\raw\008776.jpg
008796,2,bird,"[189, 155, 289, 203]",voc\raw\008796.jpg
008809,7,cat,"[38, 40, 443, 221]",voc\raw\008809.jpg
008823,17,sofa,"[58, 114, 500, 290]",voc\raw\008823.jpg
008826,6,car,"[346, 188, 500, 336]",voc\raw\008826.jpg
008847,0,aeroplane,"[115, 45, 292, 270]",voc\raw\008847.jpg
008858,2,bird,"[209, 60, 378, 302]",voc\raw\008858.jpg
008872,14,person,"[130, 126, 244, 270]",voc\raw\008872.jpg
008878,18,train,"[173, 138, 383, 196]",voc\raw\008878.jpg
008890,11,dog,"[110, 154, 358, 249]",voc\raw\008890.jpg
008919,12,horse,"[87, 79, 249, 205]",voc\raw\008919.jpg
008923,6,car,"[15, 31, 366, 176]",voc\raw\008923.jpg
008926,2,bird,"[231, 98, 370, 313]",voc\raw\008926.jpg
008927,9,cow,"[203, 238, 266, 317]",voc\raw\008927.jpg
008939,6,car,"[409, 233, 500, 312]",voc\raw\008939.jpg
008955,19,tvmonitor,"[61, 160, 307, 362]",voc\raw\008955.jpg
008978,6,car,"[212, 146, 491, 358]",voc\raw\008978.jpg
008988,18,train,"[2, 95, 375, 329]",voc\raw\008988.jpg
008995,1,bicycle,"[31, 381, 121, 439]",voc\raw\008995.jpg
009029,6,car,"[49, 46, 280, 147]",voc\raw\009029.jpg
009037,5,bus,"[325, 166, 500, 257]",voc\raw\009037.jpg
009042,11,dog,"[116, 92, 406, 194]",voc\raw\009042.jpg
009059,5,bus,"[97, 85, 314, 187]",voc\raw\009059.jpg
009112,11,dog,"[35, 57, 361, 298]",voc\raw\009112.jpg
009162,8,chair,"[220, 64, 461, 331]",voc\raw\009162.jpg
009168,11,dog,"[151, 64, 387, 333]",voc\raw\009168.jpg
009185,11,dog,"[140, 64, 433, 322]",voc\raw\009185.jpg
009195,11,dog,"[101, 51, 257, 419]",voc\raw\009195.jpg
009246,2,bird,"[97, 36, 354, 206]",voc\raw\009246.jpg
009268,11,dog,"[127, 123, 369, 377]",voc\raw\009268.jpg
009269,6,car,"[100, 167, 404, 327]",voc\raw\009269.jpg
009272,0,aeroplane,"[14, 69, 487, 219]",voc\raw\009272.jpg
009296,14,person,"[125, 155, 206, 375]",voc\raw\009296.jpg
009325,19,tvmonitor,"[118, 1, 262, 149]",voc\raw\009325.jpg
009326,6,car,"[101, 109, 314, 211]",voc\raw\009326.jpg
009348,0,aeroplane,"[145, 90, 363, 209]",voc\raw\009348.jpg
009350,6,car,"[8, 289, 336, 475]",voc\raw\009350.jpg
009429,9,cow,"[205, 197, 316, 240]",voc\raw\009429.jpg
009445,19,tvmonitor,"[89, 57, 203, 143]",voc\raw\009445.jpg
009446,19,tvmonitor,"[15, 47, 252, 298]",voc\raw\009446.jpg
009466,8,chair,"[157, 220, 398, 436]",voc\raw\009466.jpg
009472,0,aeroplane,"[160, 78, 496, 220]",voc\raw\009472.jpg
009476,0,aeroplane,"[47, 114, 479, 278]",voc\raw\009476.jpg
009488,2,bird,"[124, 89, 334, 404]",voc\raw\009488.jpg
009508,18,train,"[175, 318, 228, 385]",voc\raw\009508.jpg
009523,0,aeroplane,"[125, 150, 231, 252]",voc\raw\009523.jpg
009524,14,person,"[316, 84, 376, 193]",voc\raw\009524.jpg
009551,14,person,"[214, 126, 426, 359]",voc\raw\009551.jpg
009566,2,bird,"[146, 150, 304, 232]",voc\raw\009566.jpg
009571,0,aeroplane,"[88, 243, 249, 302]",voc\raw\009571.jpg
009588,18,train,"[1, 144, 401, 228]",voc\raw\009588.jpg
009619,11,dog,"[210, 137, 306, 251]",voc\raw\009619.jpg
009623,6,car,"[149, 52, 454, 232]",voc\raw\009623.jpg
009681,0,aeroplane,"[6, 94, 442, 262]",voc\raw\009681.jpg
009685,5,bus,"[53, 147, 488, 357]",voc\raw\009685.jpg
009700,16,sheep,"[140, 88, 387, 242]",voc\raw\009700.jpg
009707,7,cat,"[79, 130, 274, 249]",voc\raw\009707.jpg
009729,6,car,"[104, 61, 373, 259]",voc\raw\009729.jpg
009735,8,chair,"[54, 365, 100, 429]",voc\raw\009735.jpg
009738,14,person,"[187, 255, 311, 474]",voc\raw\009738.jpg
009743,7,cat,"[150, 165, 342, 220]",voc\raw\009743.jpg
009754,14,person,"[178, 124, 421, 328]",voc\raw\009754.jpg
009785,6,car,"[75, 63, 394, 320]",voc\raw\009785.jpg
009805,7,cat,"[97, 133, 392, 276]",voc\raw\009805.jpg
009807,12,horse,"[191, 61, 474, 332]",voc\raw\009807.jpg
009825,8,chair,"[90, 280, 144, 359]",voc\raw\009825.jpg
009834,6,car,"[88, 75, 449, 280]",voc\raw\009834.jpg
009852,7,cat,"[153, 121, 482, 375]",voc\raw\009852.jpg
009868,14,person,"[73, 139, 234, 415]",voc\raw\009868.jpg
009896,7,cat,"[139, 134, 372, 323]",voc\raw\009896.jpg
009913,6,car,"[40, 82, 447, 261]",voc\raw\009913.jpg
