dataset,model,method,stability_spearman_mean,stability_spearman_std,stability_valid_rate_mean,n,degenerate_repeats,config_hash
imagenet,densenet121,gradcam,0.998852664597948,0.002903352302223,1.0,460,0,98a3bc8ea9e1
imagenet,densenet121,ig,0.7617527092281206,0.1540238973640326,1.0,460,0,3df82187677d
imagenet,resnet50,gradcam,0.989533981190262,0.0144358758097096,1.0,460,0,bdd12f42dccd
imagenet,resnet50,ig,0.6735410924614148,0.1740468884783381,1.0,460,0,aed1763c213d
imagenet,vgg16,gradcam,0.9313879653592216,0.0995601431911361,0.9943478260869564,460,13,058a7a9d5aab
imagenet,vgg16,ig,0.7964488371828574,0.1274979298287445,1.0,460,0,5ce35af769de
voc,densenet121,gradcam,0.992261210269458,0.0671792108673706,0.9956521739130436,460,10,ab665df15782
voc,densenet121,ig,0.7130868362541426,0.1443330323754723,1.0,460,0,854993ef9c02
voc,resnet50,gradcam,0.9771263800108522,0.0362519445183714,1.0,460,0,70870907a257
voc,resnet50,ig,0.5738374481179216,0.1673996396464319,1.0,460,0,041d599ccc52
voc,vgg16,gradcam,0.959514465697181,0.0590155656759146,0.9978260869565218,460,5,fe11242231dd
voc,vgg16,ig,0.7773456629228637,0.1256265487400376,1.0,460,0,62882d605d78
